Order ID,Customer/Dealer,Customer_ID,Name,Order_id,Promotion_id,Product_id,Price,Quantity,Total_amount
9302,C,944,Tincidunt Pede Ac Corp.,1/4/2016,Promo1,P10,745,49,36505
9525,C,347,Facilisis Consulting,1/4/2016,Promo1,P11,1119,46,51474
713832,C,581,Nullam Nisl Consulting,1/5/2016,Promo1,P12,1127,47,52969
992804,C,757,Blandit Nam Foundation,1/5/2016,Promo1,P13,1005,49,49245
60392,C,648,Non Lobortis Ltd,1/6/2016,Promo1,P14,681,49,33369
9184,C,250,In LLC,1/6/2016,Promo1,P15,516,49,25284
3885,C,654,Risus Company,1/6/2016,Promo1,P16,795,44,34980
826250,C,855,Non Feugiat Corp.,1/7/2016,Promo1,P17,839,44,36916
4977,D,10,Sit Amet PC,1/7/2016,Promo1,P18,1453,50,72650
5733,D,11,Aliquet LLP,1/8/2016,Promo1,P19,1015,50,50750
9243,C,116,Sed Limited,1/8/2016,Promo0,P22,1272,17,21624
552231,C,650,Aliquet Molestie Tellus Institute,1/8/2016,Promo0,P23,1226,11,13486
661433,C,772,Nec Luctus Felis Consulting,1/8/2016,Promo0,P24,764,22,16808
7667,C,885,Volutpat Institute,1/9/2016,Promo0,P25,1441,10,14410
494457,C,479,Ut Quam Vel Corp.,1/10/2016,Promo0,P26,1105,14,15470
787,C,384,Elit Pellentesque A Associates,1/10/2016,Promo0,P27,1305,15,19575
7188,C,333,Fringilla Mi Incorporated,1/10/2016,Promo0,P28,1080,16,17280
996683,C,466,Posuere Cubilia Inc.,1/12/2016,Promo0,P29,1170,20,23400
2547,C,176,Auctor Velit Corp.,1/12/2016,Promo0,P30,1418,25,35450
5472,C,909,Dolor Dapibus Gravida Company,1/14/2016,Promo0,P31,906,19,17214
3724,C,412,Enim Diam Company,1/14/2016,Promo0,P32,845,30,25350
593135,C,483,Euismod Consulting,1/14/2016,Promo0,P33,931,17,15827
83734,C,925,Ligula Elit Incorporated,1/16/2016,Promo0,P34,1091,11,12001
2290,C,322,Arcu Corporation,1/16/2016,Promo0,P18,1453,22,31966
1770,C,289,Rutrum Magna Cras Ltd,1/17/2016,Promo0,P19,1015,10,10150
212427,C,172,Eu PC,1/17/2016,Promo1,P20,902,50,45100
1801,C,704,Lectus Cum Inc.,1/18/2016,Promo1,P21,1252,32,40064
872233,C,632,Sed Dictum PC,1/19/2016,Promo1,P22,1272,41,52152
3968,C,289,Rutrum Magna Cras Ltd,1/20/2016,Promo1,P13,1005,31,31155
3950,C,263,Sed Nec Company,1/23/2016,Promo1,P14,681,48,32688
58318,C,198,Integer In Associates,1/23/2016,Promo1,P15,516,30,15480
58971,C,398,Eget Magna Foundation,1/23/2016,Promo1,P16,795,30,23850
27924,C,740,A Scelerisque Sed LLP,1/24/2016,Promo1,P17,839,41,34399
209036,C,367,Morbi Institute,1/25/2016,Promo1,P18,1453,30,43590
983709,C,329,Ipsum Corp.,1/26/2016,Promo1,P19,1015,22,22330
8150,C,757,Blandit Nam Foundation,1/28/2016,Promo1,P10,745,28,20860
27672,C,648,Non Lobortis Ltd,1/28/2016,Promo1,P11,1119,28,31332
64823,C,250,In LLC,1/29/2016,Promo1,P12,1127,28,31556
746032,C,654,Risus Company,1/31/2016,Promo1,P13,1005,30,30150
16287,C,855,Non Feugiat Corp.,2/1/2016,Promo1,P14,681,30,20430
93107,C,172,Eu PC,2/1/2016,Promo1,P15,516,30,15480
686894,C,704,Lectus Cum Inc.,2/1/2016,Promo1,P16,795,35,27825
4978,C,632,Sed Dictum PC,2/6/2016,Promo1,P17,839,33,27687
949776,C,289,Rutrum Magna Cras Ltd,2/12/2016,Promo1,P18,1453,27,39231
23435,C,263,Sed Nec Company,2/12/2016,Promo1,P19,1015,30,30450
660230,C,198,Integer In Associates,2/14/2016,Promo1,P10,745,30,22350
17083,C,398,Eget Magna Foundation,2/14/2016,Promo1,P11,1119,29,32451
900454,C,740,A Scelerisque Sed LLP,2/15/2016,Promo1,P12,1127,32,36064
93894,C,367,Morbi Institute,2/17/2016,Promo1,P13,1005,26,26130
93268,C,329,Ipsum Corp.,2/18/2016,Promo1,P14,681,28,19068
9941,C,508,Magna Nam Inc.,2/18/2016,Promo1,P15,516,41,21156
34733,C,612,Sagittis Industries,2/20/2016,Promo0,P40,825,27,22275
6072,D,10,Sit Amet PC,2/20/2016,Promo1,P9,835,48,40080
48690,D,11,Aliquet LLP,2/20/2016,Promo1,P18,1453,30,43590
14547,C,342,Etiam Vestibulum Massa Associates,2/21/2016,Promo0,P18,1453,30,43590
733214,C,843,Pede Ultrices Corporation,2/21/2016,Promo0,P19,1015,27,27405
2823,C,650,Aliquet Molestie Tellus Institute,2/22/2016,Promo0,P20,902,24,21648
23558,C,772,Nec Luctus Felis Consulting,2/23/2016,Promo1,P21,1252,24,30048
22104,C,885,Volutpat Institute,2/27/2016,Promo1,P22,1272,25,31800
764958,C,479,Ut Quam Vel Corp.,3/1/2016,Promo1,P12,1127,30,33810
75499,C,384,Elit Pellentesque A Associates,3/2/2016,Promo1,P13,1005,26,26130
628732,C,333,Fringilla Mi Incorporated,3/2/2016,Promo1,P14,681,26,17706
104057,C,466,Posuere Cubilia Inc.,3/3/2016,Promo1,P15,516,33,17028
632984,C,176,Auctor Velit Corp.,3/3/2016,Promo1,P16,795,31,24645
6856,C,909,Dolor Dapibus Gravida Company,3/5/2016,Promo1,P17,839,37,31043
5768,C,412,Enim Diam Company,3/8/2016,Promo1,P18,1453,45,65385
980492,C,483,Euismod Consulting,3/11/2016,Promo1,P19,1015,37,37555
2172,C,925,Ligula Elit Incorporated,3/11/2016,Promo1,P10,745,23,17135
6833,C,322,Arcu Corporation,3/13/2016,Promo1,P11,1119,38,42522
66401,C,250,In LLC,3/18/2016,Promo1,P12,1127,30,33810
2887,C,654,Risus Company,3/18/2016,Promo1,P13,1005,28,28140
77712,C,855,Non Feugiat Corp.,3/19/2016,Promo1,P14,681,25,17025
89661,C,172,Eu PC,3/21/2016,Promo1,P15,516,25,12900
87731,C,704,Lectus Cum Inc.,3/22/2016,Promo1,P16,795,25,19875
761673,C,632,Sed Dictum PC,3/23/2016,Promo1,P17,839,30,25170
731221,C,289,Rutrum Magna Cras Ltd,3/24/2016,Promo1,P18,1453,23,33419
13134,C,263,Sed Nec Company,3/27/2016,Promo1,P19,1015,23,23345
14863,C,198,Integer In Associates,3/28/2016,Promo1,P11,1119,25,27975
2411,C,398,Eget Magna Foundation,3/28/2016,Promo1,P12,1127,45,50715
348085,C,740,A Scelerisque Sed LLP,3/28/2016,Promo1,P13,1005,30,30150
14163,C,367,Morbi Institute,3/28/2016,Promo1,P14,681,30,20430
2492,C,329,Ipsum Corp.,3/29/2016,Promo1,P15,516,30,15480
296083,C,508,Magna Nam Inc.,4/1/2016,Promo1,P16,795,28,22260
88200,C,944,Mi Foundation,4/3/2016,Promo1,P17,839,26,21814
1108,C,342,Etiam Vestibulum Massa Associates,4/4/2016,Promo1,P18,1453,32,46496
92337,C,843,Pede Ultrices Corporation,4/6/2016,Promo1,P19,1015,21,21315
580182,C,146,Lorem Sit Amet Foundation,4/9/2016,Promo0,P18,1453,17,24701
346578,C,877,Amet Corp.,4/11/2016,Promo0,P19,1015,11,11165
78936,C,578,Euismod Ac Associates,4/12/2016,Promo0,P20,902,22,19844
594608,C,845,Et Magnis Dis Corp.,4/14/2016,Promo0,P21,1252,10,12520
62962,C,398,Eget Magna Foundation,4/16/2016,Promo0,P22,1272,17,21624
216267,C,740,A Scelerisque Sed LLP,4/16/2016,Promo0,P31,906,11,9966
9717,C,367,Morbi Institute,4/17/2016,Promo0,P32,845,22,18590
92755,C,329,Ipsum Corp.,4/23/2016,Promo0,P33,931,10,9310
147703,C,398,Eget Magna Foundation,4/24/2016,Promo0,P34,1091,37,40367
770363,C,740,A Scelerisque Sed LLP,4/24/2016,Promo1,P10,745,22,16390
9425,C,367,Morbi Institute,4/25/2016,Promo1,P11,1119,43,48117
8483,C,329,Ipsum Corp.,4/26/2016,Promo1,P12,1127,40,45080
677543,D,10,Sit Amet PC,4/27/2016,Promo1,P13,1005,27,27135
514047,D,11,Aliquet LLP,4/27/2016,Promo1,P14,681,27,18387
3434,C,342,Etiam Vestibulum Massa Associates,4/27/2016,Promo1,P15,516,32,16512
20512,C,843,Pede Ultrices Corporation,4/28/2016,Promo1,P16,795,27,21465
80167,C,176,Auctor Velit Corp.,5/1/2016,Promo1,P17,839,21,17619
78990,C,909,Dolor Dapibus Gravida Company,5/1/2016,Promo1,P18,1453,19,27607
74118,C,412,Enim Diam Company,5/3/2016,Promo1,P19,1015,30,30450
670,C,347,Facilisis Consulting,5/4/2016,Promo0,P35,710,31,22010
164803,C,581,Nullam Nisl Consulting,5/4/2016,Promo0,P36,1347,23,30981
2215,C,757,Blandit Nam Foundation,5/6/2016,Promo0,P37,534,36,19224
874,C,648,Non Lobortis Ltd,5/10/2016,Promo0,P38,1070,19,20330
73906,C,250,In LLC,5/11/2016,Promo0,P39,1029,19,19551
923392,C,654,Risus Company,5/12/2016,Promo0,P40,825,19,15675
36062,C,855,Non Feugiat Corp.,5/13/2016,Promo0,P41,851,29,24679
10701,C,172,Eu PC,5/16/2016,Promo0,P42,1447,25,36175
5722,C,704,Lectus Cum Inc.,5/21/2016,Promo0,P43,1129,42,47418
34928,C,632,Sed Dictum PC,5/23/2016,Promo0,P44,668,20,13360
197573,C,289,Rutrum Magna Cras Ltd,5/23/2016,Promo0,P45,772,25,19300
9822,C,263,Sed Nec Company,5/24/2016,Promo0,P46,785,22,17270
758,C,198,Integer In Associates,5/25/2016,Promo0,P47,1220,22,26840
880665,C,398,Eget Magna Foundation,5/25/2016,Promo0,P48,1256,22,27632
6604,C,740,A Scelerisque Sed LLP,5/27/2016,Promo0,P31,906,35,31710
23040,C,367,Morbi Institute,5/27/2016,Promo0,P32,845,30,25350
6158,C,329,Ipsum Corp.,5/29/2016,Promo0,P33,931,41,38171
431847,C,508,Magna Nam Inc.,5/30/2016,Promo0,P34,1091,23,25093
8813,C,944,Mi Foundation,5/30/2016,Promo0,P33,931,24,22344
626067,C,342,Etiam Vestibulum Massa Associates,5/31/2016,Promo0,P13,1005,19,19095
2687,C,843,Pede Ultrices Corporation,6/4/2016,Promo0,P19,1015,34,34510
4205,C,146,Lorem Sit Amet Foundation,6/4/2016,Promo0,P39,1029,38,39102
262102,C,877,Amet Corp.,6/5/2016,Promo0,P2,1066,19,20254
70331,C,578,Euismod Ac Associates,6/5/2016,Promo0,P40,825,27,22275
1582,C,845,Et Magnis Dis Corp.,6/6/2016,Promo0,P9,835,35,29225
8709,C,398,Eget Magna Foundation,6/6/2016,Promo0,P35,710,28,19880
8027,C,740,A Scelerisque Sed LLP,6/6/2016,Promo0,P36,1347,37,49839
915989,C,367,Morbi Institute,6/6/2016,Promo0,P37,534,36,19224
5403,C,329,Ipsum Corp.,6/7/2016,Promo0,P38,1070,21,22470
3152,C,342,Etiam Vestibulum Massa Associates,6/8/2016,Promo0,P39,1029,39,40131
9048,C,843,Pede Ultrices Corporation,6/8/2016,Promo0,P40,825,34,28050
7834,C,612,Sagittis Industries,6/9/2016,Promo0,P41,851,34,28934
4612,D,10,Sit Amet PC,6/9/2016,Promo0,P42,1447,34,49198
290,D,11,Aliquet LLP,6/9/2016,Promo0,P43,1129,26,29354
33162,C,398,Eget Magna Foundation,6/12/2016,Promo0,P44,668,17,11356
41777,C,740,A Scelerisque Sed LLP,6/13/2016,Promo0,P45,772,27,20844
27665,C,367,Morbi Institute,6/13/2016,Promo0,P46,785,27,21195
1300,C,329,Ipsum Corp.,6/16/2016,Promo0,P47,1220,32,39040
209807,C,176,Auctor Velit Corp.,6/17/2016,Promo0,P48,1256,22,27632
7262,C,909,Dolor Dapibus Gravida Company,6/22/2016,Promo0,P31,906,20,18120
8969,C,412,Enim Diam Company,6/28/2016,Promo0,P32,845,16,13520
454818,C,944,Tincidunt Pede Ac Corp.,6/29/2016,Promo0,P33,931,39,36309
970,C,347,Facilisis Consulting,7/2/2016,Promo0,P34,1091,37,40367
639,C,581,Nullam Nisl Consulting,7/2/2016,Promo0,P37,534,18,9612
25554,C,757,Blandit Nam Foundation,7/2/2016,Promo0,P38,1070,22,23540
30431,C,648,Non Lobortis Ltd,7/2/2016,Promo0,P39,1029,29,29841
538,C,250,In LLC,7/3/2016,Promo0,P40,825,19,15675
43117,C,654,Risus Company,7/5/2016,Promo0,P41,851,17,14467
40452,C,855,Non Feugiat Corp.,7/12/2016,Promo0,P42,1447,29,41963
53851,C,172,Eu PC,7/13/2016,Promo0,P43,1129,24,27096
493501,C,704,Lectus Cum Inc.,7/13/2016,Promo0,P44,668,19,12692
290524,C,632,Sed Dictum PC,7/13/2016,Promo0,P45,772,21,16212
23408,C,289,Rutrum Magna Cras Ltd,7/16/2016,Promo0,P46,785,15,11775
795548,C,263,Sed Nec Company,7/17/2016,Promo0,P47,1220,33,40260
904578,C,198,Integer In Associates,7/17/2016,Promo0,P48,1256,32,40192
93595,C,398,Eget Magna Foundation,7/17/2016,Promo0,P18,1453,29,42137
43242,C,740,A Scelerisque Sed LLP,7/22/2016,Promo0,P19,1015,29,29435
616945,C,367,Morbi Institute,7/23/2016,Promo0,P20,902,34,30668
10461,C,329,Ipsum Corp.,7/25/2016,Promo0,P21,1252,34,42568
35461,C,508,Magna Nam Inc.,7/26/2016,Promo1,P22,1272,50,63600
454157,C,944,Mi Foundation,7/26/2016,Promo1,P11,1119,32,35808
134741,C,342,Etiam Vestibulum Massa Associates,7/31/2016,Promo1,P12,1127,41,46207
28703,C,843,Pede Ultrices Corporation,8/3/2016,Promo1,P13,1005,31,31155
266348,C,146,Lorem Sit Amet Foundation,8/3/2016,Promo1,P14,681,48,32688
995591,C,877,Amet Corp.,8/3/2016,Promo1,P15,516,30,15480
6917,C,578,Euismod Ac Associates,8/4/2016,Promo1,P16,795,30,23850
4124,C,845,Et Magnis Dis Corp.,8/6/2016,Promo1,P17,839,41,34399
1808,C,398,Eget Magna Foundation,8/7/2016,Promo1,P18,1453,30,43590
79880,C,740,A Scelerisque Sed LLP,8/8/2016,Promo1,P19,1015,22,22330
254631,C,367,Morbi Institute,8/10/2016,Promo0,P18,1453,28,40684
584463,C,329,Ipsum Corp.,8/12/2016,Promo0,P19,1015,28,28420
659175,C,704,Lectus Cum Inc.,8/12/2016,Promo0,P20,902,28,25256
4269,C,404,Volutpat Consulting,8/13/2016,Promo0,P21,1252,30,37560
3156,C,909,Dolor Dapibus Gravida Company,8/15/2016,Promo0,P22,1272,30,38160
7548,D,11,Aliquet LLP,8/17/2016,Promo0,P35,710,30,21300
928999,C,176,Auctor Velit Corp.,8/18/2016,Promo0,P36,1347,18,24246
87521,C,909,Dolor Dapibus Gravida Company,8/20/2016,Promo0,P37,534,25,13350
5576,C,412,Enim Diam Company,8/21/2016,Promo0,P38,1070,27,28890
61606,C,704,Lectus Cum Inc.,8/21/2016,Promo0,P39,1029,25,25725
5655,C,404,Volutpat Consulting,8/22/2016,Promo0,P40,825,30,24750
39974,C,909,Dolor Dapibus Gravida Company,8/23/2016,Promo0,P41,851,30,25530
62630,C,347,Facilisis Consulting,8/24/2016,Promo0,P42,1447,18,26046
142881,C,581,Nullam Nisl Consulting,8/24/2016,Promo0,P43,1129,25,28225
3325,C,757,Blandit Nam Foundation,8/27/2016,Promo0,P44,668,30,20040
71687,C,648,Non Lobortis Ltd,8/27/2016,Promo0,P45,772,14,10808
5753,C,250,In LLC,8/28/2016,Promo0,P46,785,26,20410
27593,C,654,Risus Company,8/29/2016,Promo0,P47,1220,27,32940
1085,C,855,Non Feugiat Corp.,8/31/2016,Promo0,P48,1256,19,23864
44275,C,172,Eu PC,8/31/2016,Promo0,P40,825,29,23925
23613,C,704,Lectus Cum Inc.,9/4/2016,Promo1,P9,835,50,41750
22525,C,632,Sed Dictum PC,9/4/2016,Promo1,P11,1119,32,35808
7481,C,289,Rutrum Magna Cras Ltd,9/6/2016,Promo1,P12,1127,41,46207
335494,C,263,Sed Nec Company,9/11/2016,Promo1,P13,1005,31,31155
40706,C,198,Integer In Associates,9/11/2016,Promo1,P14,681,48,32688
8230,C,398,Eget Magna Foundation,9/11/2016,Promo1,P15,516,30,15480
2314,C,740,A Scelerisque Sed LLP,9/12/2016,Promo1,P16,795,30,23850
523680,C,367,Morbi Institute,9/12/2016,Promo1,P17,839,41,34399
207190,C,329,Ipsum Corp.,9/16/2016,Promo1,P18,1453,30,43590
1845,C,508,Magna Nam Inc.,9/16/2016,Promo1,P19,1015,22,22330
34363,C,944,Mi Foundation,9/16/2016,Promo1,P10,745,28,20860
168496,C,342,Etiam Vestibulum Massa Associates,9/16/2016,Promo1,P11,1119,28,31332
342208,C,843,Pede Ultrices Corporation,9/18/2016,Promo1,P12,1127,28,31556
35225,C,146,Lorem Sit Amet Foundation,9/18/2016,Promo1,P13,1005,30,30150
75435,C,877,Amet Corp.,9/19/2016,Promo1,P14,681,30,20430
24966,C,578,Euismod Ac Associates,9/20/2016,Promo1,P15,516,30,15480
6370,C,845,Et Magnis Dis Corp.,9/20/2016,Promo1,P16,795,27,21465
8788,C,398,Eget Magna Foundation,9/22/2016,Promo1,P17,839,27,22653
681,C,740,A Scelerisque Sed LLP,9/22/2016,Promo1,P18,1453,27,39231
97267,C,367,Morbi Institute,9/24/2016,Promo0,P18,1453,27,39231
671725,C,329,Ipsum Corp.,9/24/2016,Promo0,P19,1015,16,16240
58276,C,342,Etiam Vestibulum Massa Associates,9/24/2016,Promo0,P20,902,27,24354
43277,C,843,Pede Ultrices Corporation,9/24/2016,Promo0,P21,1252,27,33804
86835,C,704,Lectus Cum Inc.,9/25/2016,Promo0,P22,1272,26,33072
20598,C,632,Sed Dictum PC,9/25/2016,Promo0,P31,906,19,17214
36615,C,289,Rutrum Magna Cras Ltd,9/26/2016,Promo0,P32,845,12,10140
2800,C,263,Sed Nec Company,9/28/2016,Promo0,P33,931,27,25137
776583,C,198,Integer In Associates,9/29/2016,Promo0,P34,1091,27,29457
376650,D,10,Sit Amet PC,9/29/2016,Promo0,P33,931,28,26068
1658,D,11,Aliquet LLP,9/30/2016,Promo0,P13,1005,14,14070
51702,C,342,Etiam Vestibulum Massa Associates,10/2/2016,Promo0,P19,1015,14,14210
643964,C,843,Pede Ultrices Corporation,10/4/2016,Promo0,P39,1029,14,14406
80153,C,612,Sagittis Industries,10/6/2016,Promo0,P2,1066,20,21320
91260,C,116,Sed Limited,10/8/2016,Promo0,P40,825,20,16500
838482,C,650,Aliquet Molestie Tellus Institute,10/10/2016,Promo1,P9,835,50,41750
76953,C,772,Nec Luctus Felis Consulting,10/11/2016,Promo1,P11,1119,32,35808
18044,C,885,Volutpat Institute,10/13/2016,Promo1,P12,1127,41,46207
96125,C,479,Ut Quam Vel Corp.,10/13/2016,Promo1,P13,1005,31,31155
33417,C,384,Elit Pellentesque A Associates,10/14/2016,Promo1,P14,681,48,32688
344384,C,333,Fringilla Mi Incorporated,10/16/2016,Promo1,P15,516,30,15480
58486,C,466,Posuere Cubilia Inc.,10/18/2016,Promo1,P16,795,30,23850
4029,C,176,Auctor Velit Corp.,10/18/2016,Promo1,P17,839,41,34399
48021,C,909,Dolor Dapibus Gravida Company,10/21/2016,Promo1,P18,1453,30,43590
206409,C,412,Enim Diam Company,10/23/2016,Promo1,P19,1015,22,22330
24384,C,483,Euismod Consulting,10/23/2016,Promo0,P35,710,28,19880
67076,C,925,Ligula Elit Incorporated,10/26/2016,Promo0,P36,1347,28,37716
8749,C,322,Arcu Corporation,10/28/2016,Promo0,P37,534,28,14952
2712,C,172,Eu PC,11/1/2016,Promo0,P38,1070,30,32100
84266,C,704,Lectus Cum Inc.,11/2/2016,Promo0,P39,1029,30,30870
60052,C,632,Sed Dictum PC,11/2/2016,Promo0,P40,825,30,24750
8544,C,289,Rutrum Magna Cras Ltd,11/3/2016,Promo0,P41,851,17,14467
2426,C,263,Sed Nec Company,11/4/2016,Promo0,P42,1447,21,30387
70646,C,198,Integer In Associates,11/5/2016,Promo0,P43,1129,25,28225
53522,C,398,Eget Magna Foundation,11/6/2016,Promo0,P44,668,17,11356
437376,C,740,A Scelerisque Sed LLP,11/8/2016,Promo0,P45,772,10,7720
13317,C,367,Morbi Institute,11/9/2016,Promo0,P46,785,19,14915
2759,C,329,Ipsum Corp.,11/10/2016,Promo0,P47,1220,19,23180
9442,C,508,Magna Nam Inc.,11/10/2016,Promo0,P48,1256,23,28888
82436,C,944,Mi Foundation,11/11/2016,Promo0,P23,1226,23,28198
69838,C,342,Etiam Vestibulum Massa Associates,11/12/2016,Promo0,P24,764,10,7640
320,C,843,Pede Ultrices Corporation,11/13/2016,Promo0,P25,1441,20,28820
74163,C,146,Lorem Sit Amet Foundation,11/14/2016,Promo0,P26,1105,10,11050
692819,C,877,Amet Corp.,11/15/2016,Promo0,P27,1305,21,27405
18988,C,578,Euismod Ac Associates,11/16/2016,Promo0,P31,906,21,19026
39283,C,845,Et Magnis Dis Corp.,11/18/2016,Promo0,P32,845,22,18590
75559,C,398,Eget Magna Foundation,11/19/2016,Promo0,P33,931,23,21413
841848,C,740,A Scelerisque Sed LLP,11/19/2016,Promo0,P34,1091,20,21820
5713,C,367,Morbi Institute,11/20/2016,Promo0,P33,931,18,16758
2952,C,329,Ipsum Corp.,11/21/2016,Promo0,P13,1005,10,10050
533938,C,342,Etiam Vestibulum Massa Associates,11/23/2016,Promo0,P19,1015,10,10150
150488,C,843,Pede Ultrices Corporation,11/24/2016,Promo0,P39,1029,16,16464
7527,C,704,Lectus Cum Inc.,11/26/2016,Promo0,P2,1066,22,23452
54234,C,404,Volutpat Consulting,11/27/2016,Promo0,P40,825,16,13200
398844,C,909,Dolor Dapibus Gravida Company,11/27/2016,Promo1,P9,835,50,41750
4072,D,10,Sit Amet PC,11/27/2016,Promo1,P11,1119,32,35808
901257,D,11,Aliquet LLP,11/27/2016,Promo1,P12,1127,41,46207
414,C,944,Tincidunt Pede Ac Corp.,11/28/2016,Promo1,P13,1005,31,31155
14817,C,347,Facilisis Consulting,11/28/2016,Promo1,P14,681,48,32688
765386,C,581,Nullam Nisl Consulting,11/28/2016,Promo1,P15,516,30,15480
1543,C,757,Blandit Nam Foundation,11/28/2016,Promo1,P16,795,30,23850
2259,C,648,Non Lobortis Ltd,11/30/2016,Promo1,P17,839,41,34399
257703,C,250,In LLC,11/30/2016,Promo1,P18,1453,30,43590
64570,C,654,Risus Company,12/1/2016,Promo1,P19,1015,22,22330
21736,C,855,Non Feugiat Corp.,12/1/2016,Promo1,P35,710,28,19880
87829,C,172,Eu PC,12/3/2016,Promo1,P36,1347,28,37716
10369,C,704,Lectus Cum Inc.,12/7/2016,Promo1,P37,534,28,14952
3064,C,632,Sed Dictum PC,12/7/2016,Promo1,P38,1070,30,32100
4518,C,289,Rutrum Magna Cras Ltd,12/9/2016,Promo1,P39,1029,30,30870
29938,C,704,Lectus Cum Inc.,12/9/2016,Promo1,P40,825,30,24750
343520,C,404,Volutpat Consulting,12/9/2016,Promo1,P41,851,35,29785
155319,C,909,Dolor Dapibus Gravida Company,12/10/2016,Promo1,P42,1447,33,47751
76167,D,10,Sit Amet PC,12/12/2016,Promo1,P43,1129,27,30483
68086,D,11,Aliquet LLP,12/12/2016,Promo1,P44,668,30,20040
84804,C,704,Lectus Cum Inc.,12/14/2016,Promo1,P45,772,30,23160
672640,C,632,Sed Dictum PC,12/16/2016,Promo1,P46,785,29,22765
567504,C,289,Rutrum Magna Cras Ltd,12/20/2016,Promo1,P47,1220,32,39040
764,C,263,Sed Nec Company,12/20/2016,Promo1,P48,1256,26,32656
96327,C,198,Integer In Associates,12/22/2016,Promo1,P13,1005,28,28140
84066,C,347,Facilisis Consulting,12/22/2016,Promo1,P14,681,41,27921
790,C,581,Nullam Nisl Consulting,12/23/2016,Promo1,P15,516,14,7224
76086,C,757,Blandit Nam Foundation,12/25/2016,Promo1,P16,795,12,9540
444441,C,648,Non Lobortis Ltd,12/26/2016,Promo1,P17,839,15,12585
868611,C,250,In LLC,12/27/2016,Promo1,P18,1453,17,24701
74105,C,654,Risus Company,12/27/2016,Promo1,P19,1015,11,11165
15588,C,855,Non Feugiat Corp.,12/27/2016,Promo1,P19,1015,16,16240
5916,C,172,Eu PC,1/2/2017,Promo0,P23,1226,13,15938
3041,C,704,Lectus Cum Inc.,1/2/2017,Promo0,P24,764,16,12224
66923,C,632,Sed Dictum PC,1/4/2017,Promo0,P25,1441,15,21615
478340,C,289,Rutrum Magna Cras Ltd,1/5/2017,Promo0,P26,1105,14,15470
407028,C,263,Sed Nec Company,1/5/2017,Promo0,P27,1305,14,18270
14365,C,198,Integer In Associates,1/9/2017,Promo0,P31,906,15,13590
24569,C,398,Eget Magna Foundation,1/9/2017,Promo0,P32,845,15,12675
42915,C,740,A Scelerisque Sed LLP,1/11/2017,Promo0,P33,931,15,13965
6220,C,367,Morbi Institute,1/11/2017,Promo0,P34,1091,12,13092
16126,C,329,Ipsum Corp.,1/11/2017,Promo0,P15,516,15,7740
14246,C,508,Magna Nam Inc.,1/11/2017,Promo0,P8,520,15,7800
8073,C,944,Mi Foundation,1/13/2017,Promo0,P37,534,10,5340
97945,C,342,Etiam Vestibulum Massa Associates,1/13/2017,Promo0,P5,650,14,9100
104139,C,843,Pede Ultrices Corporation,1/14/2017,Promo0,P40,825,14,11550
537,C,146,Lorem Sit Amet Foundation,1/16/2017,Promo0,P9,835,13,10855
94110,C,877,Amet Corp.,1/18/2017,Promo0,P40,825,10,8250
808824,C,578,Euismod Ac Associates,1/19/2017,Promo0,P9,835,13,10855
6109,C,845,Et Magnis Dis Corp.,1/19/2017,Promo0,P36,1347,12,16164
56460,C,772,Nec Luctus Felis Consulting,1/19/2017,Promo0,P37,534,12,6408
6165,C,885,Volutpat Institute,1/19/2017,Promo0,P38,1070,11,11770
23434,C,479,Ut Quam Vel Corp.,1/20/2017,Promo0,P39,1029,12,12348
711529,C,384,Elit Pellentesque A Associates,1/22/2017,Promo0,P40,825,14,11550
32533,C,333,Fringilla Mi Incorporated,1/24/2017,Promo0,P41,851,14,11914
3448,C,466,Posuere Cubilia Inc.,1/24/2017,Promo0,P42,1447,10,14470
4548,C,704,Lectus Cum Inc.,1/26/2017,Promo0,P43,1129,12,13548
93660,C,632,Sed Dictum PC,1/27/2017,Promo0,P44,668,10,6680
2820,C,289,Rutrum Magna Cras Ltd,1/28/2017,Promo0,P45,772,10,7720
74278,C,263,Sed Nec Company,1/28/2017,Promo0,P46,785,10,7850
79236,C,198,Integer In Associates,2/2/2017,Promo0,P47,1220,10,12200
285517,D,10,Sit Amet PC,2/2/2017,Promo4,P48,1256,50,62800
34811,D,11,Aliquet LLP,2/3/2017,Promo4,P23,1226,32,39232
15187,D,12,Dolor Dolor Tempus Consulting,2/4/2017,Promo4,P24,764,41,31324
19215,D,13,Justo Sit Foundation,2/6/2017,Promo4,P25,1441,31,44671
30685,D,14,Et PC,2/6/2017,Promo4,P26,1105,48,53040
13324,D,15,Duis Corp.,2/8/2017,Promo4,P27,1305,30,39150
28514,D,16,Non Nisi Institute,2/8/2017,Promo4,P33,931,30,27930
85990,D,17,Ultricies Sem Magna Corp.,2/10/2017,Promo4,P13,1005,41,41205
23453,D,18,Vehicula PC,2/10/2017,Promo4,P19,1015,30,30450
36445,D,19,Aliquam Enim Corp.,2/10/2017,Promo4,P39,1029,22,22638
67343,D,20,Vel Limited,2/12/2017,Promo4,P2,1066,28,29848
93884,C,772,Nec Luctus Felis Consulting,2/12/2017,Promo0,P35,710,28,19880
5657,C,885,Volutpat Institute,2/13/2017,Promo0,P36,1347,28,37716
47927,C,479,Ut Quam Vel Corp.,2/13/2017,Promo0,P37,534,30,16020
55476,C,384,Elit Pellentesque A Associates,2/16/2017,Promo0,P38,1070,30,32100
83320,C,333,Fringilla Mi Incorporated,2/19/2017,Promo0,P39,1029,30,30870
64119,C,466,Posuere Cubilia Inc.,2/19/2017,Promo0,P40,825,19,15675
4162,C,342,Etiam Vestibulum Massa Associates,2/19/2017,Promo0,P41,851,20,17020
86843,C,843,Pede Ultrices Corporation,2/19/2017,Promo0,P42,1447,33,47751
53190,C,772,Nec Luctus Felis Consulting,2/22/2017,Promo0,P43,1129,29,32741
24734,C,885,Volutpat Institute,2/22/2017,Promo0,P44,668,14,9352
71449,C,479,Ut Quam Vel Corp.,2/27/2017,Promo0,P45,772,27,20844
46402,C,384,Elit Pellentesque A Associates,2/28/2017,Promo0,P46,785,26,20410
76040,C,333,Fringilla Mi Incorporated,2/28/2017,Promo0,P47,1220,27,32940
69575,C,466,Posuere Cubilia Inc.,3/1/2017,Promo0,P48,1256,34,42704
84038,C,398,Eget Magna Foundation,3/2/2017,Promo0,P31,906,17,15402
66976,C,740,A Scelerisque Sed LLP,3/6/2017,Promo0,P32,845,26,21970
42302,C,367,Morbi Institute,3/9/2017,Promo0,P33,931,18,16758
55095,C,329,Ipsum Corp.,3/10/2017,Promo0,P34,1091,18,19638
29398,D,10,Sit Amet PC,3/11/2017,Promo4,P23,1226,50,61300
74289,D,11,Aliquet LLP,3/12/2017,Promo4,P24,764,32,24448
21721,D,12,Dolor Dolor Tempus Consulting,3/12/2017,Promo4,P25,1441,41,59081
25716,D,13,Justo Sit Foundation,3/15/2017,Promo4,P26,1105,31,34255
96098,D,14,Et PC,3/18/2017,Promo4,P27,1305,48,62640
47115,D,15,Duis Corp.,3/18/2017,Promo4,P33,931,30,27930
29472,D,16,Non Nisi Institute,3/22/2017,Promo4,P13,1005,30,30150
48947,D,17,Ultricies Sem Magna Corp.,3/23/2017,Promo4,P19,1015,41,41615
981,D,18,Vehicula PC,3/23/2017,Promo4,P39,1029,30,30870
72534,D,19,Aliquam Enim Corp.,3/23/2017,Promo4,P2,1066,22,23452
39323,D,20,Vel Limited,3/24/2017,Promo4,P15,516,28,14448
50293,C,772,Nec Luctus Felis Consulting,3/24/2017,Promo0,P8,520,28,14560
61225,C,885,Volutpat Institute,3/25/2017,Promo0,P37,534,28,14952
1162,C,479,Ut Quam Vel Corp.,3/27/2017,Promo0,P5,650,30,19500
5264,C,384,Elit Pellentesque A Associates,3/29/2017,Promo0,P40,825,30,24750
87894,C,333,Fringilla Mi Incorporated,3/30/2017,Promo0,P9,835,30,25050
83121,C,466,Posuere Cubilia Inc.,3/30/2017,Promo0,P35,710,14,9940
90291,C,612,Sagittis Industries,3/31/2017,Promo0,P36,1347,15,20205
40748,C,116,Sed Limited,4/1/2017,Promo0,P37,534,25,13350
83953,C,650,Aliquet Molestie Tellus Institute,4/1/2017,Promo0,P38,1070,12,12840
28577,C,772,Nec Luctus Felis Consulting,4/5/2017,Promo0,P39,1029,25,25725
998,C,885,Volutpat Institute,4/9/2017,Promo0,P40,825,19,15675
70780,C,479,Ut Quam Vel Corp.,4/9/2017,Promo0,P41,851,28,23828
73474,C,384,Elit Pellentesque A Associates,4/10/2017,Promo0,P42,1447,13,18811
62192,C,333,Fringilla Mi Incorporated,4/11/2017,Promo0,P43,1129,13,14677
60324,C,466,Posuere Cubilia Inc.,4/15/2017,Promo0,P44,668,26,17368
24820,C,176,Auctor Velit Corp.,4/16/2017,Promo0,P45,772,22,16984
85962,C,909,Dolor Dapibus Gravida Company,4/17/2017,Promo0,P46,785,24,18840
90730,C,412,Enim Diam Company,4/18/2017,Promo0,P47,1220,24,29280
22359,C,483,Euismod Consulting,4/19/2017,Promo0,P48,1256,27,33912
96401,C,925,Ligula Elit Incorporated,4/20/2017,Promo4,P40,825,50,41250
84875,C,322,Arcu Corporation,4/23/2017,Promo4,P9,835,32,26720
80475,D,12,Dolor Dolor Tempus Consulting,4/24/2017,Promo4,P24,764,41,31324
58027,D,13,Justo Sit Foundation,4/27/2017,Promo4,P25,1441,31,44671
26879,D,14,Et PC,4/28/2017,Promo4,P26,1105,48,53040
58289,D,15,Duis Corp.,4/29/2017,Promo4,P27,1305,30,39150
92237,D,16,Non Nisi Institute,4/30/2017,Promo4,P15,516,30,15480
67832,D,17,Ultricies Sem Magna Corp.,5/1/2017,Promo4,P8,520,41,21320
31764,D,18,Vehicula PC,5/1/2017,Promo4,P37,534,30,16020
26154,D,19,Aliquam Enim Corp.,5/3/2017,Promo4,P5,650,22,14300
42168,D,20,Vel Limited,5/4/2017,Promo4,P40,825,28,23100
14030,C,116,Sed Limited,5/4/2017,Promo0,P9,835,28,23380
66861,C,650,Aliquet Molestie Tellus Institute,5/4/2017,Promo0,P40,825,28,23100
41994,C,772,Nec Luctus Felis Consulting,5/9/2017,Promo0,P9,835,30,25050
84906,C,885,Volutpat Institute,5/12/2017,Promo0,P35,710,30,21300
52077,C,479,Ut Quam Vel Corp.,5/12/2017,Promo0,P36,1347,30,40410
93467,C,384,Elit Pellentesque A Associates,5/14/2017,Promo0,P37,534,20,10680
66303,C,333,Fringilla Mi Incorporated,5/17/2017,Promo0,P38,1070,15,16050
52431,C,466,Posuere Cubilia Inc.,5/19/2017,Promo0,P39,1029,26,26754
68317,C,176,Auctor Velit Corp.,5/23/2017,Promo0,P40,825,23,18975
63822,C,909,Dolor Dapibus Gravida Company,5/25/2017,Promo0,P41,851,20,17020
78065,C,412,Enim Diam Company,5/25/2017,Promo0,P42,1447,27,39069
76713,C,483,Euismod Consulting,5/26/2017,Promo0,P43,1129,27,30483
79553,C,925,Ligula Elit Incorporated,5/26/2017,Promo0,P44,668,27,18036
59671,C,322,Arcu Corporation,5/27/2017,Promo0,P45,772,12,9264
44121,C,581,Nullam Nisl Consulting,5/28/2017,Promo0,P46,785,25,19625
41102,C,757,Blandit Nam Foundation,5/29/2017,Promo0,P47,1220,25,30500
79138,C,648,Non Lobortis Ltd,5/29/2017,Promo0,P48,1256,21,26376
16330,C,250,In LLC,5/30/2017,Promo0,P31,906,25,22650
25231,C,654,Risus Company,5/31/2017,Promo0,P32,845,26,21970
61912,C,855,Non Feugiat Corp.,6/3/2017,Promo0,P33,931,13,12103
47085,C,172,Eu PC,6/4/2017,Promo0,P34,1091,13,14183
94986,C,704,Lectus Cum Inc.,6/5/2017,Promo0,P23,1226,13,15938
82684,C,632,Sed Dictum PC,6/5/2017,Promo0,P24,764,17,12988
23809,C,289,Rutrum Magna Cras Ltd,6/5/2017,Promo0,P25,1441,21,30261
70395,C,263,Sed Nec Company,6/8/2017,Promo0,P26,1105,25,27625
7670,C,198,Integer In Associates,6/13/2017,Promo0,P27,1305,17,22185
74773,C,398,Eget Magna Foundation,6/14/2017,Promo0,P15,516,10,5160
42933,C,740,A Scelerisque Sed LLP,6/14/2017,Promo0,P8,520,19,9880
98099,C,367,Morbi Institute,6/14/2017,Promo0,P37,534,19,10146
49671,C,329,Ipsum Corp.,6/14/2017,Promo0,P5,650,23,14950
14225,C,508,Magna Nam Inc.,6/17/2017,Promo0,P24,764,23,17572
77946,C,944,Mi Foundation,6/17/2017,Promo0,P25,1441,10,14410
11484,C,342,Etiam Vestibulum Massa Associates,6/18/2017,Promo0,P26,1105,20,22100
41215,C,843,Pede Ultrices Corporation,6/18/2017,Promo0,P27,1305,10,13050
59329,C,146,Lorem Sit Amet Foundation,6/19/2017,Promo0,P35,710,21,14910
53972,C,877,Amet Corp.,6/20/2017,Promo0,P36,1347,21,28287
61046,C,578,Euismod Ac Associates,6/23/2017,Promo0,P37,534,22,11748
26428,C,845,Et Magnis Dis Corp.,6/24/2017,Promo0,P38,1070,23,24610
56555,C,398,Eget Magna Foundation,6/25/2017,Promo0,P39,1029,20,20580
61411,C,740,A Scelerisque Sed LLP,6/27/2017,Promo0,P40,825,18,14850
38209,C,367,Morbi Institute,6/29/2017,Promo0,P41,851,10,8510
33253,C,329,Ipsum Corp.,6/30/2017,Promo0,P42,1447,10,14470
17952,D,10,Sit Amet PC,7/1/2017,Promo4,P43,1129,50,56450
25379,D,11,Aliquet LLP,7/1/2017,Promo4,P44,668,32,21376
72442,D,12,Dolor Dolor Tempus Consulting,7/2/2017,Promo4,P45,772,41,31652
54367,D,13,Justo Sit Foundation,7/2/2017,Promo4,P46,785,31,24335
24551,D,14,Et PC,7/2/2017,Promo4,P47,1220,48,58560
16533,D,15,Duis Corp.,7/3/2017,Promo4,P48,1256,30,37680
44566,D,16,Non Nisi Institute,7/4/2017,Promo4,P33,931,30,27930
3515,D,17,Ultricies Sem Magna Corp.,7/4/2017,Promo4,P13,1005,41,41205
14893,D,18,Vehicula PC,7/6/2017,Promo4,P19,1015,30,30450
10983,D,19,Aliquam Enim Corp.,7/7/2017,Promo4,P39,1029,22,22638
16647,D,20,Vel Limited,7/9/2017,Promo4,P2,1066,28,29848
96276,C,772,Nec Luctus Felis Consulting,7/13/2017,Promo0,P23,1226,10,12260
76179,C,885,Volutpat Institute,7/14/2017,Promo0,P24,764,11,8404
71424,C,479,Ut Quam Vel Corp.,7/16/2017,Promo0,P25,1441,14,20174
57823,C,384,Elit Pellentesque A Associates,7/19/2017,Promo0,P26,1105,12,13260
89326,C,333,Fringilla Mi Incorporated,7/20/2017,Promo0,P27,1305,11,14355
1966,C,466,Posuere Cubilia Inc.,7/20/2017,Promo0,P35,710,11,7810
20325,C,342,Etiam Vestibulum Massa Associates,7/20/2017,Promo0,P36,1347,11,14817
64361,C,843,Pede Ultrices Corporation,7/22/2017,Promo0,P37,534,14,7476
34283,C,342,Etiam Vestibulum Massa Associates,7/22/2017,Promo0,P38,1070,16,17120
99663,C,843,Pede Ultrices Corporation,7/22/2017,Promo0,P39,1029,19,19551
403,C,612,Sagittis Industries,7/26/2017,Promo0,P40,825,17,14025
85691,D,10,Sit Amet PC,7/27/2017,Promo4,P41,851,50,42550
55080,D,11,Aliquet LLP,7/29/2017,Promo4,P42,1447,32,46304
25338,D,12,Dolor Dolor Tempus Consulting,7/31/2017,Promo4,P43,1129,41,46289
34606,D,13,Justo Sit Foundation,7/31/2017,Promo4,P44,668,31,20708
47182,D,14,Et PC,8/1/2017,Promo4,P45,772,48,37056
40402,D,15,Duis Corp.,8/1/2017,Promo4,P46,785,30,23550
40636,D,16,Non Nisi Institute,8/2/2017,Promo4,P47,1220,30,36600
95840,D,17,Ultricies Sem Magna Corp.,8/6/2017,Promo4,P48,1256,41,51496
65001,D,18,Vehicula PC,8/6/2017,Promo4,P33,931,30,27930
13696,D,19,Aliquam Enim Corp.,8/7/2017,Promo4,P13,1005,22,22110
15142,D,20,Vel Limited,8/9/2017,Promo4,P19,1015,28,28420
8320,C,398,Eget Magna Foundation,8/10/2017,Promo0,P39,1029,28,28812
29465,C,740,A Scelerisque Sed LLP,8/10/2017,Promo0,P2,1066,28,29848
42445,C,367,Morbi Institute,8/11/2017,Promo0,P40,825,30,24750
69807,C,329,Ipsum Corp.,8/11/2017,Promo0,P9,835,30,25050
12176,C,704,Lectus Cum Inc.,8/13/2017,Promo0,P36,1347,30,40410
56158,C,404,Volutpat Consulting,8/14/2017,Promo0,P37,534,14,7476
88189,C,909,Dolor Dapibus Gravida Company,8/15/2017,Promo0,P38,1070,14,14980
82515,C,650,Aliquet Molestie Tellus Institute,8/15/2017,Promo0,P39,1029,15,15435
43052,C,772,Nec Luctus Felis Consulting,8/17/2017,Promo0,P40,825,15,12375
93499,C,885,Volutpat Institute,8/17/2017,Promo0,P41,851,15,12765
23498,C,479,Ut Quam Vel Corp.,8/18/2017,Promo0,P42,1447,12,17364
18252,C,384,Elit Pellentesque A Associates,8/19/2017,Promo0,P43,1129,15,16935
26978,C,333,Fringilla Mi Incorporated,8/25/2017,Promo0,P44,668,15,10020
95986,C,466,Posuere Cubilia Inc.,8/25/2017,Promo0,P45,772,10,7720
54157,C,176,Auctor Velit Corp.,8/26/2017,Promo0,P46,785,14,10990
97037,C,909,Dolor Dapibus Gravida Company,8/28/2017,Promo0,P47,1220,14,17080
29677,C,412,Enim Diam Company,8/29/2017,Promo0,P48,1256,13,16328
75781,C,483,Euismod Consulting,8/29/2017,Promo0,P15,516,10,5160
45452,C,925,Ligula Elit Incorporated,9/1/2017,Promo0,P8,520,13,6760
36190,C,322,Arcu Corporation,9/1/2017,Promo0,P37,534,12,6408
92847,C,342,Etiam Vestibulum Massa Associates,9/1/2017,Promo0,P5,650,12,7800
24780,C,843,Pede Ultrices Corporation,9/3/2017,Promo0,P44,668,11,7348
72540,C,342,Etiam Vestibulum Massa Associates,9/4/2017,Promo0,P14,681,12,8172
33309,C,843,Pede Ultrices Corporation,9/10/2017,Promo0,P4,700,14,9800
96186,C,612,Sagittis Industries,9/11/2017,Promo0,P35,710,14,9940
70709,D,10,Sit Amet PC,9/11/2017,Promo4,P3,711,50,35550
71684,D,11,Aliquet LLP,9/13/2017,Promo4,P10,745,32,23840
48517,D,12,Dolor Dolor Tempus Consulting,9/13/2017,Promo4,P24,764,41,31324
10464,D,13,Justo Sit Foundation,9/15/2017,Promo4,P45,772,31,23932
93851,D,14,Et PC,9/15/2017,Promo4,P46,785,48,37680
26100,D,15,Duis Corp.,9/16/2017,Promo4,P16,795,30,23850
60480,D,16,Non Nisi Institute,9/17/2017,Promo4,P40,825,30,24750
22193,D,17,Ultricies Sem Magna Corp.,9/18/2017,Promo4,P9,835,41,34235
87579,D,18,Vehicula PC,9/18/2017,Promo4,P33,931,30,27930
49394,D,19,Aliquam Enim Corp.,9/19/2017,Promo4,P13,1005,22,22110
35612,D,20,Vel Limited,9/19/2017,Promo4,P19,1015,28,28420
88540,D,12,Dolor Dolor Tempus Consulting,9/20/2017,Promo4,P39,1029,28,28812
71401,D,13,Justo Sit Foundation,9/20/2017,Promo4,P2,1066,28,29848
6625,D,14,Et PC,9/22/2017,Promo4,P40,825,30,24750
86009,C,612,Sagittis Industries,9/23/2017,Promo0,P9,835,30,25050
89099,C,944,Tincidunt Pede Ac Corp.,9/24/2017,Promo0,P35,710,30,21300
34759,C,347,Facilisis Consulting,9/27/2017,Promo0,P36,1347,34,45798
54431,C,581,Nullam Nisl Consulting,9/28/2017,Promo0,P37,534,34,18156
86777,C,757,Blandit Nam Foundation,9/29/2017,Promo0,P38,1070,16,17120
96110,C,648,Non Lobortis Ltd,10/1/2017,Promo0,P39,1029,32,32928
8678,C,250,In LLC,10/3/2017,Promo0,P40,825,32,26400
3976,C,654,Risus Company,10/6/2017,Promo0,P41,851,31,26381
46267,C,855,Non Feugiat Corp.,10/9/2017,Promo0,P42,1447,19,27493
29782,C,172,Eu PC,10/10/2017,Promo0,P43,1129,20,22580
63090,C,704,Lectus Cum Inc.,10/10/2017,Promo0,P44,668,33,22044
19336,C,632,Sed Dictum PC,10/11/2017,Promo0,P45,772,29,22388
57399,C,289,Rutrum Magna Cras Ltd,10/12/2017,Promo0,P46,785,14,10990
36972,C,263,Sed Nec Company,10/12/2017,Promo0,P47,1220,27,32940
85367,C,198,Integer In Associates,10/13/2017,Promo0,P48,1256,26,32656
36536,C,398,Eget Magna Foundation,10/13/2017,Promo0,P1,1448,27,39096
18119,C,740,A Scelerisque Sed LLP,10/14/2017,Promo0,P2,1066,34,36244
83290,C,367,Morbi Institute,10/15/2017,Promo0,P3,711,17,12087
41432,C,329,Ipsum Corp.,10/16/2017,Promo0,P4,700,26,18200
54273,C,508,Magna Nam Inc.,10/19/2017,Promo0,P5,650,18,11700
75094,C,944,Mi Foundation,10/20/2017,Promo0,P6,1156,18,20808
6607,C,342,Etiam Vestibulum Massa Associates,10/21/2017,Promo0,P7,1371,25,34275
33786,C,843,Pede Ultrices Corporation,10/23/2017,Promo0,P8,520,27,14040
61101,C,146,Lorem Sit Amet Foundation,10/24/2017,Promo0,P9,835,25,20875
80012,C,877,Amet Corp.,10/25/2017,Promo0,P10,745,30,22350
44994,C,578,Euismod Ac Associates,10/25/2017,Promo0,P11,1119,30,33570
93270,C,845,Et Magnis Dis Corp.,10/25/2017,Promo0,P12,1127,18,20286
45315,C,342,Etiam Vestibulum Massa Associates,10/27/2017,Promo0,P13,1005,25,25125
87348,C,843,Pede Ultrices Corporation,10/28/2017,Promo0,P14,681,30,20430
80733,D,17,Ultricies Sem Magna Corp.,10/29/2017,Promo0,P15,516,14,7224
27347,D,18,Vehicula PC,10/30/2017,Promo0,P16,795,26,20670
28419,C,704,Lectus Cum Inc.,11/1/2017,Promo0,P40,825,27,22275
23952,C,404,Volutpat Consulting,11/2/2017,Promo0,P9,835,19,15865
6915,C,909,Dolor Dapibus Gravida Company,11/3/2017,Promo0,P35,710,29,20590
95630,C,116,Sed Limited,11/5/2017,Promo0,P36,1347,22,29634
42244,C,650,Aliquet Molestie Tellus Institute,11/6/2017,Promo0,P37,534,23,12282
90938,C,772,Nec Luctus Felis Consulting,11/6/2017,Promo0,P38,1070,14,14980
42459,C,885,Volutpat Institute,11/7/2017,Promo0,P39,1029,14,14406
65973,C,479,Ut Quam Vel Corp.,11/10/2017,Promo0,P40,825,15,12375
99514,C,384,Elit Pellentesque A Associates,11/11/2017,Promo0,P41,851,25,21275
69566,C,333,Fringilla Mi Incorporated,11/12/2017,Promo0,P42,1447,12,17364
94719,C,466,Posuere Cubilia Inc.,11/13/2017,Promo0,P43,1129,25,28225
22471,C,176,Auctor Velit Corp.,11/13/2017,Promo0,P44,668,19,12692
60517,C,909,Dolor Dapibus Gravida Company,11/15/2017,Promo0,P45,772,28,21616
97274,C,412,Enim Diam Company,11/16/2017,Promo0,P46,785,13,10205
54149,C,483,Euismod Consulting,11/17/2017,Promo0,P47,1220,13,15860
23992,C,925,Ligula Elit Incorporated,11/17/2017,Promo0,P48,1256,26,32656
7000,C,322,Arcu Corporation,11/19/2017,Promo0,P33,931,22,20482
42672,C,398,Eget Magna Foundation,11/20/2017,Promo0,P13,1005,24,24120
12230,C,740,A Scelerisque Sed LLP,11/20/2017,Promo0,P19,1015,24,24360
68763,C,367,Morbi Institute,11/20/2017,Promo0,P39,1029,27,27783
51007,C,329,Ipsum Corp.,11/21/2017,Promo0,P2,1066,27,28782
68308,C,398,Eget Magna Foundation,11/22/2017,Promo0,P15,516,27,13932
71332,C,740,A Scelerisque Sed LLP,11/23/2017,Promo0,P8,520,27,14040
72743,C,367,Morbi Institute,11/23/2017,Promo0,P37,534,16,8544
77059,C,329,Ipsum Corp.,11/25/2017,Promo0,P5,650,27,17550
43687,C,342,Etiam Vestibulum Massa Associates,11/26/2017,Promo0,P33,931,27,25137
32116,C,843,Pede Ultrices Corporation,11/28/2017,Promo0,P13,1005,26,26130
32471,C,333,Fringilla Mi Incorporated,11/29/2017,Promo0,P19,1015,19,19285
37832,C,466,Posuere Cubilia Inc.,11/29/2017,Promo0,P39,1029,12,12348
1387,C,176,Auctor Velit Corp.,12/1/2017,Promo0,P2,1066,27,28782
74079,C,740,A Scelerisque Sed LLP,12/2/2017,Promo0,P36,1347,27,36369
99168,C,367,Morbi Institute,12/2/2017,Promo0,P37,534,28,14952
98976,C,329,Ipsum Corp.,12/2/2017,Promo0,P38,1070,14,14980
65529,C,508,Magna Nam Inc.,12/3/2017,Promo0,P39,1029,14,14406
83597,C,944,Mi Foundation,12/7/2017,Promo0,P40,825,14,11550
69430,C,342,Etiam Vestibulum Massa Associates,12/7/2017,Promo0,P41,851,20,17020
57265,C,843,Pede Ultrices Corporation,12/8/2017,Promo0,P42,1447,20,28940
61587,C,146,Lorem Sit Amet Foundation,12/8/2017,Promo0,P43,1129,15,16935
76293,C,877,Amet Corp.,12/9/2017,Promo0,P44,668,26,17368
88626,C,578,Euismod Ac Associates,12/16/2017,Promo0,P45,772,23,17756
4256,C,845,Et Magnis Dis Corp.,12/17/2017,Promo0,P46,785,20,15700
72476,C,404,Volutpat Consulting,12/17/2017,Promo0,P47,1220,27,32940
79200,C,612,Sagittis Industries,12/17/2017,Promo0,P48,1256,27,33912
59486,C,791,Erat Eget Tincidunt Incorporated,12/18/2017,Promo0,P48,1256,27,33912
16554,C,307,Pede Malesuada Vel LLP,12/18/2017,Promo0,P22,1272,12,15264
63511,C,156,Tempus LLP,12/18/2017,Promo0,P27,1305,25,32625
28118,C,321,In Institute,12/20/2017,Promo0,P36,1347,25,33675
40002,C,398,Eget Magna Foundation,12/21/2017,Promo0,P7,1371,21,28791
35228,C,740,A Scelerisque Sed LLP,12/21/2017,Promo0,P30,1418,25,35450
82953,C,367,Morbi Institute,12/22/2017,Promo0,P25,1441,26,37466
20076,C,329,Ipsum Corp.,12/25/2017,Promo0,P35,710,13,9230
28873,C,612,Sagittis Industries,12/25/2017,Promo0,P36,1347,13,17511
6354,D,17,Ultricies Sem Magna Corp.,12/26/2017,Promo0,P37,534,13,6942
22999,D,18,Vehicula PC,12/28/2017,Promo0,P38,1070,17,18190
27120,D,19,Aliquam Enim Corp.,12/28/2017,Promo0,P39,1029,21,21609
57952,C,398,Eget Magna Foundation,12/29/2017,Promo0,P40,825,25,20625
32157,C,740,A Scelerisque Sed LLP,1/1/2018,Promo0,P41,851,17,14467
78,C,367,Morbi Institute,1/1/2018,Promo0,P42,1447,10,14470
95434,C,329,Ipsum Corp.,1/1/2018,Promo0,P43,1129,19,21451
73815,C,342,Etiam Vestibulum Massa Associates,1/3/2018,Promo0,P44,668,19,12692
80865,C,843,Pede Ultrices Corporation,1/3/2018,Promo0,P45,772,23,17756
4924,C,333,Fringilla Mi Incorporated,1/5/2018,Promo3,P46,785,50,39250
50910,C,466,Posuere Cubilia Inc.,1/9/2018,Promo3,P47,1220,32,39040
84860,C,176,Auctor Velit Corp.,1/11/2018,Promo3,P48,1256,41,51496
75536,C,333,Fringilla Mi Incorporated,1/12/2018,Promo3,P22,1272,31,39432
37350,C,466,Posuere Cubilia Inc.,1/16/2018,Promo3,P27,1305,48,62640
68091,C,176,Auctor Velit Corp.,1/16/2018,Promo3,P36,1347,30,40410
83108,C,333,Fringilla Mi Incorporated,1/17/2018,Promo3,P7,1371,30,41130
62674,C,466,Posuere Cubilia Inc.,1/17/2018,Promo3,P30,1418,41,58138
13417,C,176,Auctor Velit Corp.,1/21/2018,Promo3,P25,1441,30,43230
71605,C,740,A Scelerisque Sed LLP,1/22/2018,Promo0,P15,516,22,11352
76029,C,367,Morbi Institute,1/22/2018,Promo0,P8,520,28,14560
83055,C,329,Ipsum Corp.,1/23/2018,Promo0,P37,534,28,14952
67624,C,508,Magna Nam Inc.,1/26/2018,Promo0,P5,650,28,18200
208,C,944,Mi Foundation,1/26/2018,Promo0,P1,1448,30,43440
3902,C,342,Etiam Vestibulum Massa Associates,1/26/2018,Promo0,P2,1066,30,31980
50468,C,843,Pede Ultrices Corporation,1/27/2018,Promo0,P3,711,30,21330
12985,C,146,Lorem Sit Amet Foundation,1/28/2018,Promo0,P4,700,21,14700
65626,C,877,Amet Corp.,1/28/2018,Promo0,P5,650,12,7800
4282,C,578,Euismod Ac Associates,1/28/2018,Promo0,P6,1156,20,23120
70779,C,845,Et Magnis Dis Corp.,1/29/2018,Promo0,P7,1371,20,27420
81875,C,404,Volutpat Consulting,1/30/2018,Promo0,P8,520,16,8320
6832,C,612,Sagittis Industries,1/30/2018,Promo0,P9,835,13,10855
88090,C,791,Erat Eget Tincidunt Incorporated,1/30/2018,Promo0,P10,745,21,15645
52796,C,307,Pede Malesuada Vel LLP,1/30/2018,Promo0,P11,1119,15,16785
32335,C,156,Tempus LLP,2/1/2018,Promo0,P12,1127,19,21413
16118,C,321,In Institute,2/4/2018,Promo0,P13,1005,11,11055
11074,C,612,Sagittis Industries,2/5/2018,Promo0,P14,681,15,10215
95702,C,466,Posuere Cubilia Inc.,2/5/2018,Promo3,P15,516,50,25800
53878,C,176,Auctor Velit Corp.,2/8/2018,Promo3,P16,795,32,25440
61314,C,909,Dolor Dapibus Gravida Company,2/9/2018,Promo3,P31,906,41,37146
92719,C,412,Enim Diam Company,2/9/2018,Promo3,P32,845,31,26195
6173,C,483,Euismod Consulting,2/10/2018,Promo3,P33,931,48,44688
46630,C,925,Ligula Elit Incorporated,2/11/2018,Promo3,P34,1091,30,32730
58364,C,322,Arcu Corporation,2/14/2018,Promo0,P48,1256,30,37680
93369,C,417,Nec LLC,2/14/2018,Promo0,P22,1272,41,52152
73118,C,791,Urna Vivamus Molestie Company,2/17/2018,Promo0,P27,1305,30,39150
80306,C,599,Purus Gravida Corp.,2/19/2018,Promo0,P36,1347,22,29634
21571,C,704,Lectus Cum Inc.,2/22/2018,Promo0,P7,1371,28,38388
58130,C,404,Volutpat Consulting,2/23/2018,Promo0,P30,1418,28,39704
93859,C,909,Dolor Dapibus Gravida Company,2/24/2018,Promo0,P25,1441,28,40348
50711,D,17,Ultricies Sem Magna Corp.,2/24/2018,Promo0,P37,534,30,16020
98628,D,18,Vehicula PC,2/24/2018,Promo0,P38,1070,30,32100
31156,D,19,Aliquam Enim Corp.,2/26/2018,Promo0,P39,1029,30,30870
59175,C,704,Lectus Cum Inc.,2/27/2018,Promo0,P40,825,15,12375
10910,C,404,Volutpat Consulting,2/27/2018,Promo0,P41,851,17,14467
39824,C,909,Dolor Dapibus Gravida Company,3/1/2018,Promo0,P42,1447,11,15917
38875,C,466,Posuere Cubilia Inc.,3/1/2018,Promo3,P43,1129,50,56450
79247,C,176,Auctor Velit Corp.,3/1/2018,Promo3,P44,668,32,21376
15398,C,909,Dolor Dapibus Gravida Company,3/4/2018,Promo3,P45,772,41,31652
93940,C,412,Enim Diam Company,3/4/2018,Promo3,P46,785,31,24335
45464,C,483,Euismod Consulting,3/5/2018,Promo3,P47,1220,48,58560
50149,C,925,Ligula Elit Incorporated,3/9/2018,Promo3,P48,1256,30,37680
15033,C,322,Arcu Corporation,3/10/2018,Promo3,P15,516,30,15480
76347,C,417,Nec LLC,3/11/2018,Promo3,P8,520,41,21320
14299,C,791,Urna Vivamus Molestie Company,3/18/2018,Promo3,P37,534,30,16020
74665,C,599,Purus Gravida Corp.,3/18/2018,Promo3,P5,650,22,14300
203,C,342,Etiam Vestibulum Massa Associates,3/18/2018,Promo3,P44,668,28,18704
97213,C,843,Pede Ultrices Corporation,3/19/2018,Promo3,P14,681,28,19068
84705,D,17,Ultricies Sem Magna Corp.,3/19/2018,Promo0,P4,700,28,19600
44504,D,18,Vehicula PC,3/20/2018,Promo0,P35,710,30,21300
4975,D,19,Aliquam Enim Corp.,3/21/2018,Promo0,P3,711,30,21330
13753,C,704,Lectus Cum Inc.,3/22/2018,Promo0,P10,745,30,22350
19101,C,404,Volutpat Consulting,3/24/2018,Promo0,P24,764,10,7640
47993,C,909,Dolor Dapibus Gravida Company,3/24/2018,Promo0,P45,772,13,10036
81586,D,17,Ultricies Sem Magna Corp.,3/25/2018,Promo0,P46,785,12,9420
30030,D,18,Vehicula PC,3/27/2018,Promo0,P16,795,12,9540
7149,D,19,Aliquam Enim Corp.,3/29/2018,Promo0,P40,825,11,9075
59629,C,704,Lectus Cum Inc.,3/29/2018,Promo0,P9,835,12,10020
88724,C,404,Volutpat Consulting,3/30/2018,Promo0,P27,1305,14,18270
39401,C,909,Dolor Dapibus Gravida Company,3/30/2018,Promo0,P31,906,14,12684
75372,C,944,Tincidunt Pede Ac Corp.,4/1/2018,Promo0,P32,845,10,8450
19055,C,347,Facilisis Consulting,4/3/2018,Promo0,P33,931,12,11172
63744,C,581,Nullam Nisl Consulting,4/3/2018,Promo0,P34,1091,10,10910
84586,C,757,Blandit Nam Foundation,4/5/2018,Promo0,P15,516,10,5160
46599,C,648,Non Lobortis Ltd,4/6/2018,Promo0,P8,520,10,5200
68276,C,250,In LLC,4/8/2018,Promo0,P37,534,10,5340
65285,C,654,Risus Company,4/9/2018,Promo0,P5,650,10,6500
69714,C,855,Non Feugiat Corp.,4/11/2018,Promo0,P44,668,29,19372
21773,C,172,Eu PC,4/13/2018,Promo0,P14,681,24,16344
11717,C,704,Lectus Cum Inc.,4/15/2018,Promo0,P4,700,19,13300
85771,C,632,Sed Dictum PC,4/15/2018,Promo0,P35,710,21,14910
50974,C,289,Rutrum Magna Cras Ltd,4/15/2018,Promo0,P3,711,15,10665
33516,C,263,Sed Nec Company,4/17/2018,Promo0,P10,745,33,24585
29297,C,198,Integer In Associates,4/18/2018,Promo0,P24,764,32,24448
87909,C,398,Eget Magna Foundation,4/20/2018,Promo0,P45,772,29,22388
83345,C,740,A Scelerisque Sed LLP,4/23/2018,Promo0,P46,785,29,22765
66444,C,367,Morbi Institute,4/23/2018,Promo0,P16,795,34,27030
11066,C,329,Ipsum Corp.,4/24/2018,Promo0,P40,825,34,28050
83493,C,508,Magna Nam Inc.,4/25/2018,Promo0,P9,835,16,13360
39905,C,944,Mi Foundation,4/25/2018,Promo0,P48,1256,32,40192
64754,C,342,Etiam Vestibulum Massa Associates,4/25/2018,Promo0,P22,1272,32,40704
17750,C,843,Pede Ultrices Corporation,4/28/2018,Promo0,P27,1305,31,40455
60259,C,146,Lorem Sit Amet Foundation,4/29/2018,Promo0,P36,1347,19,25593
25795,C,877,Amet Corp.,5/2/2018,Promo0,P7,1371,20,27420
73878,C,578,Euismod Ac Associates,5/2/2018,Promo0,P30,1418,33,46794
5809,C,845,Et Magnis Dis Corp.,5/2/2018,Promo0,P25,1441,29,41789
55288,C,466,Posuere Cubilia Inc.,5/4/2018,Promo3,P40,825,14,11550
58924,C,176,Auctor Velit Corp.,5/5/2018,Promo3,P9,835,50,41750
89947,C,909,Dolor Dapibus Gravida Company,5/9/2018,Promo3,P36,1347,32,43104
96605,C,412,Enim Diam Company,5/10/2018,Promo3,P37,534,41,21894
4423,C,483,Euismod Consulting,5/14/2018,Promo3,P38,1070,31,33170
50742,C,925,Ligula Elit Incorporated,5/14/2018,Promo3,P39,1029,48,49392
91587,C,322,Arcu Corporation,5/21/2018,Promo3,P40,825,30,24750
37248,C,417,Nec LLC,5/21/2018,Promo3,P41,851,30,25530
13384,C,791,Urna Vivamus Molestie Company,5/22/2018,Promo3,P42,1447,41,59327
24084,C,599,Purus Gravida Corp.,5/23/2018,Promo3,P40,825,30,24750
67028,C,612,Sagittis Industries,5/23/2018,Promo0,P9,835,22,18370
98533,D,13,Justo Sit Foundation,5/23/2018,Promo0,P45,772,28,21616
24644,D,14,Et PC,5/25/2018,Promo0,P46,785,28,21980
36597,D,15,Duis Corp.,5/26/2018,Promo0,P47,1220,28,34160
28072,D,16,Non Nisi Institute,5/27/2018,Promo0,P48,1256,30,37680
78180,C,704,Lectus Cum Inc.,5/28/2018,Promo0,P1,1448,30,43440
29479,C,404,Volutpat Consulting,5/30/2018,Promo0,P2,1066,30,31980
97790,C,909,Dolor Dapibus Gravida Company,5/31/2018,Promo0,P3,711,14,9954
20627,C,466,Posuere Cubilia Inc.,5/31/2018,Promo0,P4,700,26,18200
96031,C,176,Auctor Velit Corp.,5/31/2018,Promo3,P5,650,27,17550
6888,C,909,Dolor Dapibus Gravida Company,6/1/2018,Promo3,P6,1156,19,21964
53932,C,412,Enim Diam Company,6/1/2018,Promo3,P7,1371,29,39759
2955,C,483,Euismod Consulting,6/2/2018,Promo3,P8,520,22,11440
34298,C,925,Ligula Elit Incorporated,6/6/2018,Promo3,P9,835,23,19205
66858,C,322,Arcu Corporation,6/8/2018,Promo3,P10,745,14,10430
23095,C,417,Nec LLC,6/8/2018,Promo3,P11,1119,14,15666
62231,C,791,Urna Vivamus Molestie Company,6/12/2018,Promo3,P12,1127,15,16905
35510,C,599,Purus Gravida Corp.,6/12/2018,Promo3,P13,1005,25,25125
38695,C,333,Fringilla Mi Incorporated,6/12/2018,Promo3,P14,681,12,8172
57883,C,466,Posuere Cubilia Inc.,6/14/2018,Promo3,P15,516,25,12900
79582,C,176,Auctor Velit Corp.,6/15/2018,Promo3,P16,795,19,15105
85891,C,333,Fringilla Mi Incorporated,6/18/2018,Promo3,P35,710,28,19880
76598,C,466,Posuere Cubilia Inc.,6/19/2018,Promo3,P36,1347,13,17511
43291,C,176,Auctor Velit Corp.,6/20/2018,Promo0,P37,534,13,6942
67882,D,17,Ultricies Sem Magna Corp.,6/20/2018,Promo0,P38,1070,26,27820
21642,D,18,Vehicula PC,6/24/2018,Promo0,P39,1029,22,22638
99040,D,19,Aliquam Enim Corp.,6/24/2018,Promo0,P40,825,24,19800
91559,C,704,Lectus Cum Inc.,6/24/2018,Promo0,P41,851,24,20424
28021,C,404,Volutpat Consulting,6/25/2018,Promo0,P42,1447,27,39069
42042,C,909,Dolor Dapibus Gravida Company,6/26/2018,Promo0,P43,1129,27,30483
54573,D,13,Justo Sit Foundation,6/26/2018,Promo0,P44,668,27,18036
16066,D,14,Et PC,6/26/2018,Promo0,P45,772,27,20844
24507,D,15,Duis Corp.,6/30/2018,Promo0,P46,785,16,12560
80663,D,16,Non Nisi Institute,7/3/2018,Promo0,P47,1220,27,32940
89129,C,704,Lectus Cum Inc.,7/4/2018,Promo0,P48,1256,27,33912
32333,C,632,Sed Dictum PC,7/4/2018,Promo0,P23,1226,26,31876
96616,C,289,Rutrum Magna Cras Ltd,7/5/2018,Promo0,P24,764,19,14516
19953,C,263,Sed Nec Company,7/5/2018,Promo0,P25,1441,12,17292
48960,C,198,Integer In Associates,7/5/2018,Promo0,P26,1105,27,29835
87913,D,18,Vehicula PC,7/5/2018,Promo0,P27,1305,27,35235
72277,D,19,Aliquam Enim Corp.,7/8/2018,Promo0,P40,825,28,23100
7171,C,612,Sagittis Industries,7/17/2018,Promo0,P9,835,14,11690
90514,C,466,Posuere Cubilia Inc.,7/17/2018,Promo3,P31,906,50,45300
88398,C,176,Auctor Velit Corp.,7/17/2018,Promo3,P32,845,32,27040
69109,C,909,Dolor Dapibus Gravida Company,7/18/2018,Promo3,P33,931,41,38171
96545,C,412,Enim Diam Company,7/19/2018,Promo3,P34,1091,31,33821
21128,C,483,Euismod Consulting,7/19/2018,Promo3,P15,516,48,24768
1728,C,925,Ligula Elit Incorporated,7/25/2018,Promo3,P8,520,30,15600
80829,C,322,Arcu Corporation,7/25/2018,Promo3,P37,534,30,16020
15942,C,417,Nec LLC,7/26/2018,Promo3,P5,650,41,26650
30572,C,791,Urna Vivamus Molestie Company,7/28/2018,Promo3,P44,668,30,20040
8044,C,599,Purus Gravida Corp.,7/29/2018,Promo3,P14,681,22,14982
34013,C,333,Fringilla Mi Incorporated,8/1/2018,Promo3,P4,700,28,19600
1241,C,466,Posuere Cubilia Inc.,8/1/2018,Promo3,P35,710,28,19880
51691,C,176,Auctor Velit Corp.,8/2/2018,Promo3,P3,711,25,17775
91635,C,333,Fringilla Mi Incorporated,8/2/2018,Promo3,P10,745,25,18625
19176,C,466,Posuere Cubilia Inc.,8/5/2018,Promo3,P24,764,21,16044
33028,C,176,Auctor Velit Corp.,8/5/2018,Promo0,P45,772,25,19300
37336,D,17,Ultricies Sem Magna Corp.,8/6/2018,Promo0,P46,785,26,20410
22344,D,18,Vehicula PC,8/7/2018,Promo0,P16,795,13,10335
62561,D,19,Aliquam Enim Corp.,8/7/2018,Promo0,P40,825,13,10725
66179,C,612,Sagittis Industries,8/9/2018,Promo0,P9,835,13,10855
65126,C,845,Et Magnis Dis Corp.,8/10/2018,Promo0,P42,1447,17,24599
50784,C,404,Volutpat Consulting,8/12/2018,Promo5,P43,1129,50,56450
73974,C,612,Sagittis Industries,8/13/2018,Promo5,P44,668,32,21376
73623,C,791,Erat Eget Tincidunt Incorporated,8/14/2018,Promo5,P45,772,41,31652
11894,C,307,Pede Malesuada Vel LLP,8/15/2018,Promo5,P46,785,31,24335
58092,C,156,Tempus LLP,8/16/2018,Promo5,P47,1220,48,58560
14239,C,321,In Institute,8/17/2018,Promo5,P48,1256,30,37680
56311,C,116,Sed Limited,8/17/2018,Promo5,P1,1448,30,43440
15407,C,650,Aliquet Molestie Tellus Institute,8/18/2018,Promo5,P2,1066,41,43706
21839,C,772,Nec Luctus Felis Consulting,8/19/2018,Promo5,P3,711,30,21330
28444,C,885,Volutpat Institute,8/19/2018,Promo5,P4,700,22,15400
54884,C,479,Ut Quam Vel Corp.,8/21/2018,Promo5,P5,650,28,18200
12564,C,384,Elit Pellentesque A Associates,8/26/2018,Promo5,P6,1156,28,32368
41792,C,333,Fringilla Mi Incorporated,8/26/2018,Promo0,P7,1371,21,28791
1075,C,483,Euismod Consulting,8/26/2018,Promo0,P8,520,22,11440
14222,C,925,Ligula Elit Incorporated,8/27/2018,Promo0,P9,835,23,19205
73695,C,322,Arcu Corporation,8/27/2018,Promo0,P10,745,20,14900
10273,C,417,Nec LLC,8/29/2018,Promo0,P11,1119,18,20142
18686,C,791,Urna Vivamus Molestie Company,8/29/2018,Promo0,P12,1127,10,11270
48615,C,599,Purus Gravida Corp.,8/29/2018,Promo0,P13,1005,10,10050
12420,D,17,Ultricies Sem Magna Corp.,8/30/2018,Promo0,P14,681,16,10896
59475,D,18,Vehicula PC,9/1/2018,Promo0,P15,516,22,11352
46987,D,19,Aliquam Enim Corp.,9/1/2018,Promo0,P16,795,16,12720
82027,D,13,Justo Sit Foundation,9/2/2018,Promo0,P23,1226,12,14712
5714,D,14,Et PC,9/2/2018,Promo0,P24,764,21,16044
78773,D,15,Duis Corp.,9/4/2018,Promo0,P25,1441,12,17292
50240,D,16,Non Nisi Institute,9/6/2018,Promo0,P26,1105,20,22100
86298,C,845,Et Magnis Dis Corp.,9/6/2018,Promo5,P27,1305,50,65250
2051,C,404,Volutpat Consulting,9/6/2018,Promo5,P35,710,32,22720
67721,C,612,Sagittis Industries,9/6/2018,Promo5,P36,1347,41,55227
37895,C,791,Erat Eget Tincidunt Incorporated,9/12/2018,Promo5,P37,534,31,16554
49450,C,307,Pede Malesuada Vel LLP,9/12/2018,Promo5,P38,1070,48,51360
10306,C,156,Tempus LLP,9/13/2018,Promo5,P39,1029,30,30870
32800,C,321,In Institute,9/15/2018,Promo5,P40,825,30,24750
6542,C,116,Sed Limited,9/15/2018,Promo5,P41,851,41,34891
94515,C,650,Aliquet Molestie Tellus Institute,9/15/2018,Promo5,P42,1447,30,43410
15309,C,772,Nec Luctus Felis Consulting,9/16/2018,Promo0,P43,1129,22,24838
76579,C,885,Volutpat Institute,9/17/2018,Promo0,P44,668,28,18704
57404,C,479,Ut Quam Vel Corp.,9/19/2018,Promo0,P45,772,28,21616
63923,C,384,Elit Pellentesque A Associates,9/20/2018,Promo0,P46,785,16,12560
61544,C,333,Fringilla Mi Incorporated,9/21/2018,Promo0,P47,1220,19,23180
61882,C,855,Non Feugiat Corp.,9/23/2018,Promo0,P48,1256,17,21352
1265,C,172,Eu PC,9/23/2018,Promo0,P31,906,19,17214
54203,C,704,Lectus Cum Inc.,9/24/2018,Promo0,P32,845,13,10985
32025,C,632,Sed Dictum PC,9/25/2018,Promo0,P33,931,18,16758
73563,C,289,Rutrum Magna Cras Ltd,9/25/2018,Promo0,P34,1091,10,10910
4385,C,263,Sed Nec Company,9/26/2018,Promo0,P15,516,18,9288
15284,C,198,Integer In Associates,9/27/2018,Promo0,P8,520,12,6240
8003,C,398,Eget Magna Foundation,9/29/2018,Promo0,P37,534,10,5340
18675,C,740,A Scelerisque Sed LLP,10/1/2018,Promo0,P5,650,14,9100
80619,C,367,Morbi Institute,10/1/2018,Promo0,P44,668,12,8016
29313,C,329,Ipsum Corp.,10/2/2018,Promo0,P14,681,15,10215
26642,C,508,Magna Nam Inc.,10/3/2018,Promo0,P4,700,17,11900
76061,C,944,Mi Foundation,10/6/2018,Promo0,P35,710,11,7810
52433,C,342,Etiam Vestibulum Massa Associates,10/6/2018,Promo0,P3,711,16,11376
53763,C,843,Pede Ultrices Corporation,10/6/2018,Promo0,P10,745,13,9685
76633,C,146,Lorem Sit Amet Foundation,10/7/2018,Promo0,P24,764,16,12224
42981,C,877,Amet Corp.,10/9/2018,Promo0,P45,772,15,11580
48323,C,578,Euismod Ac Associates,10/11/2018,Promo0,P46,785,14,10990
28114,C,845,Et Magnis Dis Corp.,10/13/2018,Promo0,P16,795,14,11130
62806,C,845,Et Magnis Dis Corp.,10/13/2018,Promo0,P40,825,15,12375
99061,C,404,Volutpat Consulting,10/13/2018,Promo0,P9,835,15,12525
6546,C,612,Sagittis Industries,10/13/2018,Promo5,P33,931,50,46550
43123,C,791,Erat Eget Tincidunt Incorporated,10/20/2018,Promo5,P34,1091,32,34912
75153,C,307,Pede Malesuada Vel LLP,10/21/2018,Promo5,P48,1256,41,51496
76642,C,156,Tempus LLP,10/22/2018,Promo5,P22,1272,31,39432
83348,C,321,In Institute,10/22/2018,Promo5,P27,1305,48,62640
57797,C,116,Sed Limited,10/23/2018,Promo5,P36,1347,30,40410
95870,C,650,Aliquet Molestie Tellus Institute,10/24/2018,Promo5,P7,1371,30,41130
5247,C,772,Nec Luctus Felis Consulting,10/25/2018,Promo5,P30,1418,41,58138
22312,C,885,Volutpat Institute,10/28/2018,Promo5,P25,1441,30,43230
47917,C,479,Ut Quam Vel Corp.,10/30/2018,Promo5,P39,1029,22,22638
51497,C,384,Elit Pellentesque A Associates,11/1/2018,Promo5,P40,825,28,23100
45351,C,333,Fringilla Mi Incorporated,11/5/2018,Promo5,P41,851,28,23828
73287,C,V88A,Ultricies Sem Magna Corp.,11/7/2018,Promo0,P42,1447,11,15917
38228,C,O27G,Vehicula PC,11/7/2018,Promo0,P43,1129,12,13548
82066,C,U56Z,Aliquam Enim Corp.,11/10/2018,Promo0,P44,668,14,9352
33456,C,704,Lectus Cum Inc.,11/11/2018,Promo0,P45,772,14,10808
69713,C,404,Volutpat Consulting,11/11/2018,Promo0,P46,785,10,7850
69494,C,909,Dolor Dapibus Gravida Company,11/11/2018,Promo0,P47,1220,12,14640
90333,C,333,Fringilla Mi Incorporated,11/15/2018,Promo0,P48,1256,10,12560
64437,C,466,Posuere Cubilia Inc.,11/16/2018,Promo0,P1,1448,10,14480
94491,C,176,Auctor Velit Corp.,11/17/2018,Promo0,P2,1066,10,10660
52405,C,612,Sagittis Industries,11/17/2018,Promo0,P3,711,10,7110
97825,C,845,Et Magnis Dis Corp.,11/19/2018,Promo0,P4,700,10,7000
218,C,404,Volutpat Consulting,11/19/2018,Promo5,P5,650,50,32500
97521,C,612,Sagittis Industries,11/20/2018,Promo5,P6,1156,32,36992
40075,C,791,Erat Eget Tincidunt Incorporated,11/20/2018,Promo5,P7,1371,41,56211
74353,C,307,Pede Malesuada Vel LLP,11/21/2018,Promo5,P8,520,31,16120
69074,C,156,Tempus LLP,11/21/2018,Promo5,P9,835,48,40080
38783,C,321,In Institute,11/22/2018,Promo5,P10,745,30,22350
51103,C,116,Sed Limited,11/23/2018,Promo5,P11,1119,30,33570
95170,C,650,Aliquet Molestie Tellus Institute,11/23/2018,Promo5,P12,1127,41,46207
56358,C,772,Nec Luctus Felis Consulting,11/23/2018,Promo5,P13,1005,30,30150
69042,C,885,Volutpat Institute,11/25/2018,Promo5,P14,681,22,14982
41568,C,479,Ut Quam Vel Corp.,11/25/2018,Promo5,P15,516,28,14448
84942,C,384,Elit Pellentesque A Associates,11/28/2018,Promo5,P16,795,28,22260
31272,C,333,Fringilla Mi Incorporated,11/29/2018,Promo0,P37,534,32,17088
77954,D,17,Ultricies Sem Magna Corp.,12/1/2018,Promo0,P38,1070,32,34240
39261,D,18,Vehicula PC,12/2/2018,Promo0,P39,1029,31,31899
37493,D,19,Aliquam Enim Corp.,12/2/2018,Promo0,P40,825,19,15675
82889,C,333,Fringilla Mi Incorporated,12/3/2018,Promo0,P41,851,20,17020
14682,C,466,Posuere Cubilia Inc.,12/3/2018,Promo0,P42,1447,33,47751
35384,C,176,Auctor Velit Corp.,12/5/2018,Promo0,P43,1129,29,32741
15402,C,612,Sagittis Industries,12/6/2018,Promo0,P44,668,14,9352
59741,C,944,Tincidunt Pede Ac Corp.,12/8/2018,Promo0,P45,772,27,20844
18319,C,347,Facilisis Consulting,12/9/2018,Promo0,P46,785,26,20410
51603,C,581,Nullam Nisl Consulting,12/9/2018,Promo0,P47,1220,27,32940
11728,C,757,Blandit Nam Foundation,12/9/2018,Promo0,P48,1256,34,42704
27630,C,648,Non Lobortis Ltd,12/10/2018,Promo0,P1,1448,17,24616
80409,C,250,In LLC,12/10/2018,Promo0,P2,1066,26,27716
48443,C,654,Risus Company,12/11/2018,Promo0,P3,711,18,12798
92961,C,855,Non Feugiat Corp.,12/11/2018,Promo0,P4,700,18,12600
92517,C,172,Eu PC,12/13/2018,Promo0,P5,650,25,16250
8253,C,704,Lectus Cum Inc.,12/14/2018,Promo0,P6,1156,27,31212
5093,C,632,Sed Dictum PC,12/16/2018,Promo0,P7,1371,25,34275
19988,C,289,Rutrum Magna Cras Ltd,12/16/2018,Promo0,P8,520,30,15600
95168,C,263,Sed Nec Company,12/17/2018,Promo0,P9,835,30,25050
90843,C,198,Integer In Associates,12/21/2018,Promo0,P10,745,18,13410
93861,C,398,Eget Magna Foundation,12/22/2018,Promo0,P11,1119,25,27975
8348,C,740,A Scelerisque Sed LLP,12/23/2018,Promo0,P12,1127,30,33810
9400,C,367,Morbi Institute,12/24/2018,Promo0,P13,1005,14,14070
36417,C,329,Ipsum Corp.,12/25/2018,Promo0,P14,681,26,17706
66349,C,508,Magna Nam Inc.,12/26/2018,Promo0,P15,516,27,13932
54825,C,944,Mi Foundation,12/26/2018,Promo0,P16,795,19,15105
23228,C,342,Etiam Vestibulum Massa Associates,12/27/2018,Promo0,P23,1226,29,35554
41708,C,843,Pede Ultrices Corporation,12/27/2018,Promo0,P24,764,22,16808
