Customerid,Customername,Age,Country,TotalVisits,TotalTimeSpentonWebsites,Phone Call,Repeat_Customer,Converted
4292,Locke Patley,41,China,10,585,1,1,0
1683,Carmon Noseworthy,34,China,4,390,0,0,1
9278,Nerti Spellessy,54,Serbia,19,857,1,1,1
337,Nelson Sobey,33,Russia,24,432,0,0,1
3492,Sebastian Sofe,58,United States,23,6,0,1,0
5953,Gerri Legrave,36,China,16,885,1,0,1
2530,Obidiah Mandy,67,Thailand,12,254,1,0,0
5871,Mike Paige,36,Brazil,19,314,0,0,0
2393,Devora Callear,64,China,25,55,1,0,0
8567,Marley Seson,51,Bangladesh,16,592,0,0,1
8263,Lodovico Broszkiewicz,56,Armenia,22,200,0,0,0
6020,Marisa Colenutt,50,Croatia,15,651,0,0,0
7871,Sloane Stonbridge,48,China,4,363,0,1,0
4641,Dominick Hessel,33,Georgia,2,171,0,1,1
2535,Ellary Paoletti,65,Ivory Coast,14,21,0,1,0
6418,Jaquelyn Benson,27,China,2,110,0,0,1
2922,Blake Skunes,68,Indonesia,14,883,1,1,0
9939,Ario Haughton,37,Finland,4,85,0,1,0
231,Truda Rosita,57,Peru,24,446,0,0,0
9840,Sybilla Hobble,44,Indonesia,16,326,1,0,0
9986,Gothart Bocking,36,China,3,310,0,1,0
4174,Rosamond Gierardi,64,Senegal,16,124,1,1,0
9427,Chance Drissell,53,Russia,1,652,0,1,0
8818,Camey Audas,67,Russia,23,303,0,1,1
494,Siouxie Hinz,64,Russia,14,519,0,0,0
5201,Nick Fenna,37,Portugal,6,960,1,0,1
9726,Warde Rowlinson,62,Morocco,7,250,1,0,0
1439,Jacquenetta Dalmon,26,Indonesia,7,315,0,0,1
3622,Alford Blaydon,29,Turkmenistan,11,712,0,0,0
9884,Debby Storr,47,Bulgaria,22,218,1,1,0
7751,Cacilia Hecks,28,China,17,123,0,0,0
1760,Marja Brooking,55,Poland,23,588,1,1,0
1586,Matthieu Maffezzoli,66,Afghanistan,2,676,1,0,1
6570,Gwenora Adamsson,29,Peru,25,647,0,0,0
7901,Kimberly Hardbattle,44,Poland,11,158,1,1,0
1328,Isaac Dymond,53,Palestinian Territory,7,37,1,1,1
5782,Alano Pauley,65,China,6,951,0,0,0
218,Obadias Shernock,28,Latvia,18,967,0,0,1
5194,Lainey Cawsey,48,Indonesia,15,107,1,0,0
7127,Sheffie Wint,20,Switzerland,13,755,1,1,0
4715,Klarrisa Friedank,34,Colombia,11,612,1,1,0
7908,Grethel Melville,36,China,15,116,0,0,0
3563,Anissa Cathcart,35,Armenia,16,107,0,1,0
7954,Aidan Denny,22,Russia,10,796,1,1,0
4537,Josephina Horney,41,Colombia,15,644,0,1,0
7540,Joycelin Tym,40,Canada,21,541,1,1,1
5276,Clovis Soreau,61,China,11,532,0,0,1
4414,Letitia Bosquet,59,Russia,19,239,0,0,1
2540,Darlleen Lintall,28,China,6,21,1,1,0
3252,Ham Lamberton,56,Portugal,4,10,0,1,1
4207,Kaye Ingrey,58,El Salvador,13,358,1,1,1
9747,Leslie Haining,59,Russia,5,857,0,0,1
3369,Kathrine Cotman,52,Czech Republic,16,501,0,0,1
6223,Alvie Gravet,41,Indonesia,18,795,0,1,1
5734,Colan Wales,48,Canada,4,473,0,1,1
7385,Lita Tregidga,67,Portugal,25,200,1,1,1
5051,Jeno Connolly,53,Latvia,24,103,0,1,0
7596,Odey Hildrew,57,China,18,395,1,0,0
7654,Brittne Popov,23,United Kingdom,1,21,1,1,1
426,Tuckie Klimentov,44,Indonesia,22,341,1,1,0
4916,Damiano Tothacot,33,China,11,211,1,1,1
3727,Ag Cahn,44,Portugal,22,653,1,0,0
2432,Yurik Donaghy,42,China,23,975,0,1,1
6904,Collette Crudge,24,China,15,904,1,0,1
2266,Tarrance Bimson,39,China,10,9,0,0,1
1466,Omar Santry,57,Indonesia,2,139,0,0,1
4980,Dasha Beade,42,China,10,724,1,1,0
8914,Millard Paik,35,Indonesia,13,879,0,0,0
3111,Hubey Spavon,33,Japan,9,392,0,1,1
4971,Xerxes Aslott,55,Philippines,15,722,1,1,0
8500,Renata Unger,44,Poland,13,809,1,0,1
9800,Margery Matteoni,65,Philippines,17,27,0,1,0
2759,Nichol Cockram,57,Ukraine,22,804,1,0,1
1596,Cathy Kerr,70,Philippines,13,357,0,0,0
3150,Marcus Grinter,45,Philippines,25,255,1,0,0
4800,Isaak Leyland,59,Kenya,15,60,1,1,1
7134,Coraline Lemary,32,Japan,15,767,0,1,1
4068,Cora Leheude,20,Armenia,13,560,0,1,1
7627,Godard Penkethman,67,Poland,1,464,0,0,1
3278,Ronda Scrivinor,51,China,21,868,1,1,0
3768,Shaylah Tomlett,30,Sierra Leone,15,249,1,1,1
5469,Merrielle Beazey,24,China,22,472,1,0,0
5362,Flo Rizzetti,37,Nigeria,22,968,1,1,1
2805,Douglass Kobieriecki,55,China,14,277,0,0,0
9057,Shayna Prettjohn,20,Ecuador,13,938,0,1,1
9260,Tessa Licquorish,61,Portugal,8,346,1,0,1
6231,Robby Dorcey,21,Russia,1,194,0,0,0
5102,Saloma Burmaster,20,China,5,163,1,0,0
8644,Thatcher Scholling,22,Honduras,7,563,0,1,0
1290,Devon Northgraves,45,Kosovo,23,481,1,1,0
2458,Hadlee Spurritt,27,China,21,434,1,1,1
7765,Ruperto Emeny,58,Ukraine,15,555,1,0,0
4568,Yovonnda Jobe,57,Sweden,20,723,0,0,0
9330,Hewett Lackemann,30,China,11,8,0,1,0
9441,Vasilis O'Sesnane,38,China,3,38,1,1,1
1094,Willow Ditts,31,Poland,23,494,0,1,0
5753,Xenia Pittock,58,North Korea,22,77,1,0,1
7171,Carlynn Danes,38,Ecuador,14,687,0,0,0
6742,Keely Hagergham,24,Russia,18,783,1,1,0
9847,Kristien Bridgen,34,Estonia,3,290,0,0,0
8325,Ollie Kienzle,68,Indonesia,18,128,1,1,1
585,Ursala Norledge,44,Philippines,9,308,0,0,1
5274,Hildy Quinnelly,39,United Kingdom,3,254,0,1,1
4991,Lucretia Cashin,50,China,12,647,1,0,1
9310,Celesta St Ange,42,Samoa,2,926,0,0,0
9505,Anders Glavis,60,Portugal,17,376,1,0,0
387,Henrietta Daniely,39,Philippines,20,646,1,0,0
1300,Prescott Lias,67,Philippines,14,549,0,0,0
2362,Arman McRobert,55,China,24,272,1,1,0
5618,Hewie Milliken,42,Sri Lanka,13,677,0,0,1
9994,Yardley Faustin,31,China,13,333,0,1,1
3212,Carolyn Drever,52,Brazil,10,475,1,1,1
2281,Karlen Lyste,31,Indonesia,8,514,0,1,1
9520,Celia Doche,41,China,18,233,1,0,0
5034,Orelia Garatty,25,Philippines,18,82,1,0,1
2715,Cami Delhay,26,Tunisia,12,92,0,0,0
3399,Blinny Gretton,29,Ukraine,17,252,0,0,0
1103,Gustave Gurdon,61,United States,2,641,1,1,1
4864,Carmelia Ibbeson,60,Armenia,2,146,0,0,0
2899,Georgena Keelin,34,China,23,882,1,0,1
7234,Sergent Ecclestone,20,Philippines,20,545,0,1,0
9707,Letta Maw,27,Ukraine,24,443,0,1,1
5891,Gina McDougald,26,Greece,10,95,1,1,0
6843,Olive Brickdale,62,Chile,22,313,1,1,0
2729,Hillyer McCluney,55,Indonesia,10,37,1,1,1
875,Ulick Eadie,25,Indonesia,13,978,1,0,0
2225,Kimmy Seyers,49,China,8,953,1,0,0
964,Olly Gillan,54,China,16,43,1,0,0
667,Tiphanie Berriball,26,Russia,16,71,0,1,1
7130,Derwin Golden of Ireland,57,Italy,2,97,1,1,0
3795,Dunn Eastman,70,United States,19,593,1,0,0
9278,Janina Sleeny,21,China,17,673,0,0,0
2128,Halsy Moger,62,United States,11,61,0,0,1
8431,Bobette MacNeillie,49,Mexico,6,457,1,1,0
4975,Anatollo Graalman,22,Angola,15,786,1,0,1
2519,Glenine Lewendon,57,China,2,209,0,0,0
7619,Reade Sigsworth,27,China,15,48,1,1,1
2397,Brear Lymbourne,43,Czech Republic,13,1,0,0,0
2184,Ira Kasparski,33,Peru,3,971,1,0,0
4202,Elysee Pauling,60,Micronesia,2,464,0,1,0
4200,Wenonah Maude,41,Russia,15,126,1,0,1
6629,Marlene Timmins,27,China,15,79,0,0,0
2080,Isabel Greschke,57,Ireland,24,156,0,0,0
623,Clementius Shark,36,United States,5,566,0,0,1
2537,Mehetabel Blachford,62,Vietnam,21,382,0,1,0
5672,Willdon Trowsdall,64,China,15,867,0,0,0
4092,Templeton Drew-Clifton,33,Bolivia,18,765,0,1,1
7241,Henderson Marcome,28,Philippines,2,969,0,0,0
1822,Karly Crepin,65,Czech Republic,13,277,0,0,0
3503,Christi Khilkov,21,Russia,15,991,1,1,1
3310,Gordon Dyka,42,Brazil,1,962,0,0,1
6402,Faustine Crumpton,63,Guatemala,24,420,0,1,0
2872,Iormina Hammerson,60,Russia,4,782,1,1,1
480,Bernie Anglish,20,Colombia,2,770,1,0,1
9823,Shelagh Grahlmans,59,Colombia,17,192,0,0,1
8783,Mathilde Wyld,50,Brazil,12,567,0,0,1
3008,Gar Auchterlonie,23,United States,13,185,1,1,0
5529,Cherilynn Slowey,51,Indonesia,7,507,1,0,0
5486,Dorie Sword,39,Portugal,10,225,1,1,1
6184,Addia Seares,26,Thailand,1,235,0,0,1
3344,Lynea Van Ross,65,Indonesia,15,31,1,0,1
4849,Brear Owain,31,China,13,471,1,0,0
6211,Agathe Philippet,28,Philippines,4,836,0,0,0
4006,Torrin Dench,39,Nigeria,21,297,0,1,1
7876,Larissa Gee,46,Brazil,7,197,0,1,0
6106,Emmy Rival,27,Mongolia,7,617,1,0,1
8153,Blancha Bruton,68,Philippines,8,272,0,0,0
9915,Lydie Cockman,32,Malaysia,7,229,1,1,0
3715,Baily Swainsbury,63,Czech Republic,8,639,1,0,1
548,Verena Barock,43,Benin,13,911,0,1,1
8526,Gabriella Poznan,46,Indonesia,17,584,1,0,1
1318,Ermentrude Lainton,27,Poland,4,884,1,1,1
7198,Blair Spurryer,60,Philippines,7,375,1,1,1
4363,Allyce Cahill,44,Philippines,14,480,0,0,0
9152,Lucien Pickworth,70,Cuba,8,28,1,1,1
4781,Cicely Drewet,59,Portugal,10,713,1,0,0
6268,Drew Dunsmuir,57,United States,11,997,1,0,1
6513,Bevan Bewshaw,21,Ukraine,13,35,1,1,1
2730,Orbadiah Leneham,35,Bangladesh,19,787,0,0,0
9898,Ty Gerrish,68,Indonesia,25,463,1,1,1
9313,Cordie Doddemeede,61,China,21,512,1,1,1
755,Misty Cromer,34,China,5,427,1,1,0
5943,Blinnie Walton,34,Bosnia and Herzegovina,11,606,1,0,1
3180,Carly Cowland,53,Indonesia,25,244,1,0,0
1257,Vilhelmina Baine,25,Poland,25,363,0,1,1
7171,Evin Pryer,56,Philippines,17,360,1,0,0
6925,Leanor Ride,64,Latvia,21,695,1,1,1
1174,Dorris Kinnard,29,Namibia,7,589,0,0,1
6637,Rubie Skarr,53,Sudan,24,18,1,1,1
3938,Hollis Paulton,66,Indonesia,18,410,1,1,1
7215,Cybil Ferries,29,Indonesia,3,681,0,1,0
6976,Verina Lindblom,61,South Africa,11,657,1,0,1
6211,Spense Kilborn,63,Honduras,24,729,0,1,0
3383,Timothy Emerson,37,Ukraine,10,522,0,0,1
8335,Rollie Broose,69,Albania,25,395,0,0,1
1715,Kathleen Rosberg,42,Russia,24,121,0,1,0
3286,Alex Lashmore,48,Portugal,13,74,0,0,1
8770,Lewiss Punchard,34,Portugal,19,572,1,0,0
5989,Sarena Cairney,36,China,20,707,1,1,0
8145,Katey Huson,51,Russia,22,312,0,0,0
1864,Leann Worledge,32,Uruguay,6,667,0,1,0
7216,Bert Oram,50,Portugal,19,224,1,0,1
4115,Ikey Coleford,49,South Korea,9,67,1,1,1
4607,Korry Veldens,50,Ukraine,2,239,0,1,0
9011,Moyna Benedikt,48,Cuba,21,354,0,0,1
356,Tadeo Icke,31,Greece,3,449,0,1,1
6031,Dorette Edgars,44,China,24,349,1,0,0
9672,Odele Ellar,70,Cameroon,24,207,0,1,0
7696,Nappy Powling,37,France,16,387,1,1,0
431,Cordell Lanbertoni,38,Sierra Leone,8,523,1,0,0
9379,Jonah Demongeot,53,Brazil,16,963,0,1,0
8674,Druci Fawdrey,23,Philippines,20,722,1,0,1
3923,Gillan Liddell,28,South Korea,16,785,1,0,0
7015,Jania Clynman,22,Indonesia,18,484,0,0,0
4924,Bruce Seson,55,Indonesia,17,373,1,1,0
4234,Willabella Caurah,63,Madagascar,21,195,0,0,0
2953,Pat Poleykett,39,Zambia,8,952,0,0,0
9818,Jdavie Ulyatt,69,France,1,390,1,0,0
7446,Kyle Cassey,28,Spain,25,51,0,0,0
9597,Klara MacBain,23,Nigeria,1,753,0,1,1
5398,Joshuah Limpkin,23,Ghana,1,812,1,1,0
3698,Harv Catherine,51,Czech Republic,11,100,0,0,1
348,Axel Lawling,62,Poland,6,840,0,1,1
6996,Scottie Denizet,51,Argentina,7,451,0,0,1
7488,Lucie Vieyra,33,China,23,93,0,0,1
7086,Alison Ferens,53,Brazil,10,93,1,0,0
6506,Beauregard Gallaher,25,Serbia,15,339,0,0,1
3483,Derrick Crichton,42,China,9,416,0,0,1
2967,Darb Strathman,63,Poland,18,577,1,0,0
573,Tulley Chancellor,21,Czech Republic,14,495,0,0,0
8613,Ellerey Leete,38,North Korea,19,447,0,0,0
9069,Winthrop Phethean,69,Nigeria,2,654,1,0,0
8662,Ardath Marner,22,China,9,812,0,0,1
7304,Cassandre McKechnie,48,Indonesia,18,139,0,1,1
1784,Kevina Okill,60,Russia,3,44,1,1,1
7863,Packston Dwelley,23,Indonesia,19,149,0,1,0
4776,Lannie Kliemann,40,Tanzania,24,331,1,1,1
9534,Linda Bollum,62,China,15,894,1,0,1
9042,Fania Pawley,59,Peru,12,260,1,0,1
5102,Jo ann Brislane,41,China,15,852,1,1,0
6894,Farlee Mitten,54,Peru,20,605,0,0,0
2161,Cosette Kimmel,51,Colombia,15,299,0,1,0
7592,Pauletta Folliss,34,China,17,87,1,0,1
2579,Andria Etienne,41,China,3,325,1,0,0
1778,Jerome Waghorn,23,Russia,25,340,0,1,1
7300,Gaven Fucher,33,Colombia,25,246,0,1,1
3356,Erick Rampling,36,Paraguay,9,893,1,0,0
9068,Emelda Waddup,48,Nigeria,13,836,0,0,1
2433,Fionna Pember,70,Afghanistan,1,780,0,0,0
4401,Errol Cavy,53,China,21,239,0,1,0
3380,Haywood Burbage,27,Indonesia,1,708,0,1,1
9498,Kimble Heathcott,28,Indonesia,9,984,0,0,0
4988,Fleming Riediger,59,Ukraine,14,614,1,0,1
6267,Julianne Febre,28,Indonesia,6,809,1,1,0
4441,Corrie Gilliatt,46,Germany,16,868,1,1,1
6232,Desiri Welchman,37,Brazil,22,724,1,1,0
8007,Pascale Bonelle,49,Poland,21,318,0,0,1
5642,Rosamund Peel,60,Philippines,15,932,0,1,0
4823,Umeko Fell,41,Kosovo,22,568,0,0,0
2661,Waly Ranger,69,Palestinian Territory,20,609,1,1,0
8816,Bendix Leggett,70,Russia,14,700,1,0,0
3631,Jerad Harris,29,China,6,856,0,1,0
7112,Dewain Shuttleworth,53,Madagascar,6,624,1,1,0
1438,Mariana Alpin,55,Canada,22,482,0,0,1
2711,Jaimie Borsay,21,China,14,349,0,0,1
6445,Roland Gerritzen,26,Indonesia,1,506,1,1,0
1954,Franny Sobczak,59,Philippines,11,51,1,0,1
2670,Bernetta Goodspeed,39,Ukraine,22,890,1,1,1
7920,Myrwyn Behrens,33,Poland,17,965,1,1,1
4946,Chrissy Wordington,69,Honduras,19,374,1,0,1
81,Stephana Ions,29,China,17,2,0,1,1
4228,Wilt Littrik,28,Norway,3,851,1,1,0
5961,Janifer Sparrow,23,Ukraine,19,795,0,0,0
4174,Earlie Bruckshaw,66,Indonesia,22,344,1,1,0
2854,Alejandra Piborn,46,China,22,250,0,1,0
9200,Ida Conkey,60,Philippines,4,97,1,1,0
7710,Adah Benitez,59,Russia,14,331,0,1,0
2315,Kasey Halso,55,China,7,736,1,0,1
1050,Marcelo Popplestone,69,Philippines,20,525,0,1,1
5680,Anica Simion,46,Maldives,5,906,1,1,1
2456,Madeline Gorbell,62,Gambia,20,930,1,0,0
6809,Ragnar Pettyfar,29,China,3,798,0,1,0
3986,Wolf Paur,67,Philippines,25,748,1,1,1
8648,Haywood Bartelli,56,Dominican Republic,18,495,0,1,0
2648,Hi Casier,27,Malta,7,414,0,0,1
4176,Clay Broadhead,53,China,15,398,1,0,0
3604,Dynah Ruppele,22,Portugal,20,975,1,0,0
5380,Loleta Goult,28,Sweden,11,934,1,1,1
6399,Sly Bauman,64,Benin,25,356,1,0,1
5187,Neils Flint,59,Philippines,23,192,0,0,1
2531,Mira Southwick,51,Thailand,10,649,1,0,0
3534,Nesta Cudiff,47,Norway,10,155,1,1,1
3342,Steffen Mulles,35,Sweden,11,997,0,1,0
4724,Cleveland Bartholin,21,Argentina,22,826,1,0,1
3129,Dru Thickpenny,44,Greece,11,13,0,0,1
6922,Vallie Glison,45,United States,13,787,1,0,0
3168,Teriann Corkill,36,Poland,7,156,0,1,1
5277,Dacy Webster,27,China,2,726,1,0,1
5080,Peadar Lacroix,51,Myanmar,7,400,1,1,0
9479,Dougie Crease,37,U.S. Virgin Islands,19,688,0,0,1
238,Ondrea Glowach,33,China,22,810,1,1,0
980,Nathalia Grzelczyk,59,Thailand,13,919,1,1,1
6190,Timmi Bridge,33,Croatia,25,390,1,1,0
5315,Hattie Goose,23,China,6,215,0,0,1
2821,Sunny Medland,58,Kazakhstan,23,842,0,0,0
5599,Dorrie Crosgrove,40,China,2,369,1,1,1
8872,Steffie Garlicke,36,China,17,735,1,0,0
3674,Jarvis Hammelberg,38,China,24,302,0,1,0
4695,Jelene Gentile,52,Ireland,6,995,0,0,0
4356,Gardy MacCaghan,21,Russia,2,220,0,0,0
9154,Grethel Wheelton,21,Dominican Republic,9,220,0,0,0
1189,Kelly Kyndred,57,Peru,11,524,1,1,0
8836,Daisey Pickering,22,Iraq,7,624,1,1,1
6336,Craggie Fairbrace,21,Mongolia,15,208,0,1,0
2225,Michaela Romand,34,Honduras,4,370,1,1,0
7219,Raddie Le Breton De La Vieuville,42,Philippines,22,1000,1,0,0
7412,Cacilia Etty,70,Japan,12,419,1,1,0
1384,Lezlie Boult,30,China,3,517,0,1,0
9317,Jacobo Ivanishev,32,China,20,343,1,1,1
614,Georgeanna Tulloch,39,Portugal,12,646,0,0,0
8930,Dione McNiff,32,South Korea,12,74,0,0,0
647,Lizabeth Moy,44,Sweden,20,439,0,1,0
5148,Toddie Jewks,52,Palestinian Territory,17,709,1,1,0
33,Irwinn Hovenden,59,Czech Republic,17,750,1,1,1
2092,Lisa Delahunty,62,Indonesia,16,471,1,0,1
3867,Ferdy Bark,30,Tuvalu,15,473,1,0,1
8475,Alia Blewis,27,Japan,20,884,0,0,0
8739,Nickolaus Gowdridge,20,Indonesia,7,288,1,0,0
4197,Vilhelmina Shorto,53,Greece,19,294,0,1,0
4472,Tory Brandli,54,Brazil,17,682,0,0,1
2305,Adey Collete,64,Indonesia,21,684,1,1,0
4832,Vaughan Camus,40,Kazakhstan,2,258,1,0,0
8043,Oliy Tibalt,47,Indonesia,19,658,1,1,0
6409,Roger Laphorn,52,Canada,5,12,0,0,1
2483,Ermanno Maddin,35,Philippines,14,203,1,0,0
4136,Letti Sasser,43,Portugal,6,248,1,0,0
176,Cirstoforo Bartrop,27,China,7,486,1,0,0
7425,Washington Eldon,47,China,5,72,1,0,0
6217,Fanny Hillett,49,Norway,19,60,1,0,1
4505,Lavinia Tuiller,53,Brazil,7,446,0,1,0
9060,Annice Poltone,30,Indonesia,6,513,0,1,1
385,Lanni Lucia,39,China,25,536,0,1,0
9944,Davey Kinnoch,57,Philippines,25,271,1,0,0
7149,Corinne Whitfeld,26,Brazil,3,794,0,1,1
3727,Gwenette Mallatratt,23,China,3,202,0,1,0
3541,Norrie Bloor,70,Brazil,23,515,1,0,1
6790,Hamlen Rulton,40,Indonesia,2,539,0,0,0
1960,Jordan Daouze,32,Netherlands,17,3,0,1,1
126,Jacynth Conti,37,Portugal,22,446,0,0,1
4233,Domingo Kitt,37,Philippines,2,828,0,0,1
5647,Ethelind Merrick,51,United Kingdom,22,257,0,1,1
8749,Ganny Tims,58,South Korea,2,640,0,1,1
4410,Justinian Leckenby,58,Sweden,12,514,1,1,0
4392,Kacie Acory,57,China,7,522,1,1,1
7706,Orella Swainger,30,China,11,731,0,0,1
319,Biron Blanko,44,China,18,791,1,0,0
8372,Zechariah Chant,38,Pakistan,7,860,0,1,1
7723,Filippa Borzone,24,Indonesia,13,591,1,0,1
7160,Ola Strode,59,China,7,561,0,0,1
5283,Lettie Chisolm,70,China,8,610,0,0,1
6363,Arnie Dulake,40,Poland,10,271,0,0,1
2495,Jeremiah Ewart,44,Philippines,17,453,1,0,1
2755,Mendel Montrose,43,Kenya,3,154,0,0,0
2528,Amerigo Pfeifer,31,Pakistan,6,913,1,1,0
8395,Corty Durn,42,Portugal,16,328,1,1,0
9980,Flynn Dekeyser,24,Mauritius,1,825,1,0,0
1801,Darren Quaife,41,Brazil,17,311,0,1,0
7778,Antoni Dannehl,52,Iran,19,969,0,1,0
499,Betteanne Whiskerd,28,Indonesia,8,111,0,1,0
4629,Concettina Danelut,38,Azerbaijan,19,332,1,1,0
3696,Birch Sillick,68,China,2,534,0,0,0
6192,Izabel Rostron,29,Costa Rica,23,992,0,0,1
665,Marlow Rushton,35,Peru,23,952,0,0,0
9941,Ingamar Rames,28,Thailand,11,235,0,0,0
8506,Morgan Ahrenius,68,Indonesia,15,719,0,0,1
8064,Lonny Dodding,56,Croatia,5,88,1,1,1
5051,Meridel Kordovani,67,Philippines,25,771,1,1,0
346,Melvyn Cundict,60,Russia,7,642,0,1,1
7830,Eddie Cromley,33,Colombia,18,424,1,1,0
3247,Benjamin McCallion,40,Greenland,18,453,1,0,1
2757,Shawn Sappell,52,Indonesia,6,872,0,0,0
6601,Adlai Parfitt,55,Brazil,19,522,0,1,1
1332,Meir Mum,64,Armenia,17,756,1,0,0
1127,Case Jedrzejkiewicz,62,Guatemala,11,193,1,1,1
8183,Kristin Sprott,30,Indonesia,10,843,0,1,0
4930,Marley Maltman,64,China,1,596,1,0,0
1097,Nanine Duthy,51,Kazakhstan,19,947,1,0,1
7245,Maurits Sichardt,47,Bangladesh,10,68,1,1,0
896,Reinaldos Bottlestone,58,China,15,180,0,0,0
2282,Kare Jarmain,49,Cayman Islands,21,312,1,1,0
1113,Dougy Gabel,27,Russia,13,797,0,1,1
8967,Marchelle Grewe,46,Canada,8,925,0,1,1
3306,Daphene Rivel,69,Niger,24,213,1,0,1
8622,Dacie Boram,27,France,9,694,0,1,0
427,Gratia Heakey,33,Indonesia,2,682,0,0,0
649,Randene Manuello,44,Portugal,16,672,1,1,1
8181,Skipton Ickowics,25,Colombia,1,823,0,0,0
1564,Gamaliel Devers,37,Finland,2,614,0,0,1
6514,Correy Stoffels,30,China,5,898,1,0,0
6490,Shurwood Boustead,38,Sweden,14,741,1,1,0
883,Gabey Duthy,70,Brazil,22,793,0,0,0
4637,Amelie Dickie,27,Portugal,17,984,1,0,0
9039,Rolf Noteyoung,35,Guatemala,4,408,1,0,0
9089,Ezmeralda Pioli,67,China,11,622,0,0,1
6479,Ealasaid Devote,62,Indonesia,17,935,1,1,1
77,Marji D'Abbot-Doyle,26,China,19,331,0,0,1
144,Ebenezer Warbeys,52,Indonesia,4,10,0,0,0
4721,Boote Rew,62,Russia,25,355,0,1,1
4476,Manfred Pedersen,43,France,13,235,0,0,1
4762,Pancho Ibbotson,27,Indonesia,23,386,0,0,0
8503,Marjorie Bigland,64,Czech Republic,9,385,1,0,0
74,Kippie Reynault,27,Iran,19,754,0,1,1
1636,Philippa Yoskowitz,23,Indonesia,23,918,0,1,0
4746,Sandie O'Hartigan,56,Russia,24,82,0,1,0
1535,Jerrie Grimbaldeston,23,Indonesia,2,939,1,1,1
5709,Heddi Beviss,42,Mexico,9,691,1,1,1
9102,Uriah Mabbe,68,Indonesia,5,434,0,0,0
5867,Matilda Tour,68,Thailand,22,969,1,0,1
1436,Natala Hayworth,36,United States,4,696,0,0,1
8327,Hew Margaritelli,70,China,24,101,1,0,0
5411,Ula Huntar,45,Honduras,5,252,1,1,0
9598,Chester Campos,41,United States,13,182,0,0,1
5313,Cortney Longmead,51,Brazil,21,102,0,0,1
1103,Jonathan Tomblin,32,Indonesia,18,599,1,0,1
9162,Else Moneti,66,Sweden,3,971,0,0,1
6172,Ringo Viccary,47,Poland,12,943,1,0,1
1451,Daryle Kilty,24,Indonesia,19,992,1,1,0
5218,Pieter Pipet,40,France,11,35,1,1,1
7484,Goldi Beere,58,China,19,90,1,1,1
6157,Aland Sercombe,38,Indonesia,21,427,1,1,1
393,Dominick Callaby,61,Philippines,25,586,0,1,1
739,Clemens Madigan,56,Indonesia,9,215,0,0,1
9844,Chandra Dallender,44,France,6,267,0,0,1
285,Ianthe Archley,69,Russia,16,93,0,1,1
7447,Norby Marusic,25,Japan,15,834,1,1,0
197,Orazio Kilbey,27,China,17,120,1,0,1
2282,Ben Hexam,70,Brazil,8,405,0,1,0
1750,Gottfried Kilfeder,62,Greece,6,975,0,0,0
575,Tiffi Harfleet,33,Vietnam,20,531,0,0,1
5710,Read Coolahan,27,France,18,560,1,0,1
8463,Samaria Marsay,33,China,2,3,1,0,0
7536,Jehanna Connor,54,Indonesia,12,110,0,0,1
7564,Benoite Bowry,29,China,19,928,0,1,1
2978,Paige Sorley,25,China,5,56,1,1,1
9815,Romona Esh,37,China,3,809,0,1,0
7603,Coop Dreelan,69,Honduras,5,47,0,1,0
369,Kelbee Foxcroft,20,China,4,976,0,1,1
4875,Marnie Forman,24,France,8,484,1,1,1
6993,Doti Mathon,70,Denmark,20,655,0,1,0
7194,Simmonds Sothcott,54,Brazil,3,17,1,0,0
4155,Immanuel Ackhurst,62,Russia,15,455,0,1,1
1673,Shaun Brusby,49,Central African Republic,17,319,1,1,0
2169,Deena Guyver,45,Iran,23,664,1,0,0
5821,Gisella Ruegg,35,Peru,2,861,0,1,0
4299,Chiquita Sleith,46,Mexico,25,990,0,1,0
8293,Erin Slay,38,Portugal,2,269,0,0,1
2271,Earle Longmire,35,Indonesia,18,584,0,1,1
8488,Jermaine Burleigh,33,Indonesia,10,103,0,1,0
6853,Frances Di Angelo,63,Luxembourg,8,974,1,1,0
5524,Teodoro Adriano,38,Netherlands,18,294,1,1,1
6814,Esta Mulliner,36,Brazil,16,305,1,0,0
6858,Berkeley Deveril,20,China,5,44,0,0,0
2209,Kissee Selwin,48,Indonesia,4,328,0,1,1
8148,Cayla Skeat,29,Japan,17,539,0,1,0
3033,Mommy Crook,56,Mali,10,900,0,1,0
424,Giusto Castelli,44,Mauritius,16,723,0,0,1
6383,Trevor Happer,47,Philippines,5,16,1,0,1
8191,Valery Oakeshott,34,Madagascar,19,674,0,1,0
789,Ailina Keoghane,39,Indonesia,2,353,1,1,0
581,Blythe Ramm,24,France,13,218,0,1,1
9722,Dud Jellicorse,53,Brazil,14,546,1,0,1
2989,Mureil Eddoes,69,Syria,5,104,0,1,0
9462,Turner Auchterlonie,49,Belgium,10,765,0,1,0
9114,Conrad Bartolini,24,South Africa,5,304,0,1,0
1084,Larine Kenneford,63,Indonesia,24,431,1,1,0
2905,Faythe Everard,62,Croatia,18,796,1,0,0
5065,Corny Tolomelli,20,Brazil,10,318,0,1,0
511,Kameko Tollet,64,Russia,18,37,0,0,1
6411,Linda Sillis,61,Indonesia,23,789,1,1,0
5961,Leonora Wigley,66,Brazil,21,666,1,1,1
7270,Peg Holleran,67,Indonesia,11,239,0,1,1
9759,Pace Sextie,51,Indonesia,10,287,1,0,1
3275,Udale Lindop,61,Serbia,16,602,1,1,0
8889,Guilbert Mc-Kerley,57,France,8,739,1,1,0
4616,Aubrey Philson,46,Ukraine,1,365,0,1,1
3540,Wittie Thairs,31,Indonesia,17,208,0,1,1
544,Jorgan Ledwitch,54,China,22,90,1,0,1
6143,Asher Sharpus,40,China,24,497,1,1,0
1328,Daloris Marqyes,68,Portugal,11,885,1,1,0
9441,Goldarina Trenoweth,41,Portugal,24,944,1,1,1
6420,Bartolomeo Baus,41,Vietnam,10,412,0,1,1
7972,Teresina Pipkin,42,Ukraine,18,641,1,0,1
8330,Alanson Wank,59,Portugal,1,539,0,1,0
8429,Shannah Dermot,66,France,8,283,1,0,0
981,Lilllie Chapelhow,33,Indonesia,5,251,0,1,1
2038,Chiquita MacDermid,35,Russia,13,880,0,0,0
6302,Hardy Beacon,58,Peru,20,579,0,0,1
4909,Dory Haldenby,27,Indonesia,19,590,0,0,0
5772,Mauricio Keggin,35,Philippines,7,945,1,1,0
597,Angelico Wille,21,China,15,967,1,0,1
407,Dasi Chaulk,35,Japan,8,177,0,1,1
6768,Halley Drummer,41,Bulgaria,7,371,1,1,1
8130,Bianca Richen,62,China,10,249,0,1,1
8569,Aaren Sedgeman,39,Mongolia,25,5,1,1,0
5901,Lorin Bowton,35,Germany,18,398,0,0,0
1213,Scarlet Jurges,36,Indonesia,1,966,0,1,1
5883,Brena Teresse,33,Bermuda,13,69,0,1,1
5534,Mariya Brogan,58,Russia,25,704,0,0,1
7349,Tana Sibray,63,Tunisia,24,75,0,1,0
8987,Edgar Osgodby,27,Nigeria,1,88,0,0,1
6887,Giustina Yesenin,56,China,15,80,0,0,0
2050,Herby Carding,21,Brazil,8,463,0,0,1
7019,Elvin Tyndall,44,Poland,17,242,1,1,1
1407,Gena Allonby,36,Philippines,11,374,1,0,0
5884,Kenon Maybery,64,Brazil,15,667,1,0,0
9619,Isa Dyos,60,Poland,12,363,1,1,1
1247,Sanders Ritmeier,66,Kazakhstan,2,44,1,0,1
1352,Franky Nutbrown,65,Poland,7,64,1,0,0
9692,Sig Stych,39,Indonesia,25,797,1,1,0
4339,Saundra Sallarie,50,Martinique,22,873,1,0,0
21,Kala Kristufek,27,Indonesia,21,653,0,0,1
7651,Hermon Tuff,22,Finland,13,375,0,0,0
278,Luce Bygate,24,France,10,207,1,1,0
542,Elnora Paddie,30,Swaziland,7,484,1,0,1
3534,Morganne Jansen,20,Russia,3,724,0,0,1
596,Tanya Mayger,67,Samoa,24,589,0,1,0
5120,Loydie Piperley,57,Japan,5,87,1,0,0
2447,Carolynn Rickaby,43,Indonesia,13,773,0,0,0
7553,Abby Fleckness,36,Colombia,18,345,1,1,1
8489,Catherina Rao,42,Philippines,18,972,0,0,0
210,Celinda Henstone,70,Canada,7,717,0,0,1
6839,Ky Galtone,65,Philippines,9,507,0,1,0
335,Chloris Yu,35,Senegal,7,486,0,0,1
403,Gratiana Caird,38,Egypt,2,735,1,1,1
3761,Forbes Henrique,65,United States,18,968,0,0,1
802,Rosalie Connechy,34,Mongolia,11,331,0,1,1
3601,Currey Ciccotto,66,China,9,492,0,1,1
6540,Whittaker Brigden,38,Indonesia,1,76,1,0,1
7294,Ceil Methven,69,Russia,23,732,0,0,1
7451,Friedrick Lamcken,28,Greece,2,73,0,1,0
7736,Katie Sifflett,51,Russia,8,531,0,1,0
8451,Ann-marie Astin,31,Ukraine,6,982,0,0,0
5485,Ermanno Freddi,33,Egypt,12,165,0,0,1
4756,Blondie Hullin,22,Indonesia,15,905,1,0,1
4744,Maynard Deards,49,Kenya,16,371,0,0,1
4449,Cele Pervew,29,China,5,447,1,1,0
9230,Selina Mantha,27,Argentina,8,40,1,0,1
4571,Natividad Walewski,56,Indonesia,15,354,1,1,0
8949,Talbot Bigglestone,70,Japan,24,558,1,0,0
1017,Merralee Marcum,56,Serbia,12,318,0,0,1
2850,Terri Wyeth,65,Paraguay,2,343,0,1,1
5334,Hilde Rawstron,64,Philippines,7,181,0,0,0
6343,Kile Crome,36,Japan,7,709,1,1,0
4163,Lars Matijasevic,65,Czech Republic,22,167,0,0,0
5899,Nikoletta Jaffray,60,China,12,24,0,0,1
2248,Cordula Constantinou,28,Poland,12,919,1,1,0
8599,Ashley Roubay,33,Mexico,15,756,1,0,0
1638,Shandeigh Gatiss,57,China,25,220,1,0,1
4751,Sydel Skally,34,Indonesia,22,564,0,1,1
1776,Marcile Waleran,50,Indonesia,25,87,0,0,0
8164,Yuri Truitt,24,Portugal,16,286,0,1,1
1570,Napoleon Younger,48,Brazil,19,278,1,0,1
5389,Carny Barhams,26,Poland,21,150,0,0,1
1445,Tonya Thecham,40,Comoros,17,710,1,1,1
5552,Otes Ricco,51,Indonesia,22,84,0,1,0
3594,Renell Zorzini,59,Montserrat,2,390,1,0,1
8641,Cassi Massen,57,Armenia,12,684,1,1,0
1039,Conney Brafferton,39,Philippines,14,469,1,0,0
2256,Roberta Di Pietro,65,Malta,8,869,0,1,1
8712,Lanni Delacourt,56,Sri Lanka,6,724,0,0,0
4659,Staford Dobble,51,Thailand,20,342,0,1,0
7262,Langsdon Larham,33,United States,14,484,0,0,0
6577,Florette Langdale,53,Peru,2,370,0,1,1
8150,Xylia Denys,47,Malaysia,11,164,0,0,0
8497,Mortie Kermott,45,China,6,905,1,1,1
7061,Domeniga Lesser,48,Uzbekistan,2,347,0,0,1
8617,Dougy Castellaccio,45,Jordan,21,345,1,0,1
4380,Veriee Wills,21,Russia,17,137,0,0,0
1956,Dona Biesinger,28,United States,11,207,0,0,0
693,Elijah Whyman,33,China,1,425,0,1,1
6621,Shep Allawy,65,Greece,21,248,0,0,0
8239,Coreen Aneley,60,Indonesia,23,229,1,1,0
6818,Lonee Grebner,26,China,13,766,1,1,1
6372,Valida O' Flaherty,70,Egypt,1,475,1,1,0
4304,Rodger Sudlow,66,Chile,4,931,0,0,1
212,Rhodia Phillott,41,Philippines,23,149,1,0,1
6692,Artemis Willishire,46,Ecuador,18,304,0,1,1
1730,Carole Oiller,29,Indonesia,9,273,1,1,0
4602,Dori Muirden,60,Bangladesh,18,132,1,0,0
9763,Robinson Sanford,36,China,17,984,1,0,1
8161,Erich Killiam,54,Israel,25,418,1,0,0
4763,Maxine Batecok,52,Peru,11,181,0,0,1
8211,Aurelie Lashmore,30,Philippines,19,967,0,0,0
7372,Carlynne Renneke,58,Tanzania,18,134,0,1,1
9285,Malena Kose,51,Colombia,10,318,1,0,1
9870,Emelina Belhomme,62,Philippines,18,125,1,0,0
8342,Rich Merredy,47,China,24,986,1,0,0
9696,Gonzalo Foulkes,54,Belarus,17,300,0,1,0
132,Moe Sarsons,24,China,17,179,0,0,0
8277,Katina Giraudy,38,Costa Rica,9,754,0,0,1
6738,Maddalena Sims,65,Pakistan,22,336,1,1,0
5902,Lance Fransewich,70,Dominican Republic,14,854,0,0,0
288,Wynny Soughton,32,Indonesia,7,158,0,0,0
618,Lilyan Challin,48,Japan,3,590,0,1,1
1099,Valerye Hillhouse,54,Sweden,13,270,1,1,0
8313,Bobbie Biskupski,52,China,13,677,1,1,1
7349,Randene Eat,22,China,9,956,1,1,0
6645,Wendi Bensen,21,Russia,8,77,0,0,1
8295,Anatol Rosberg,24,China,3,154,0,1,1
3527,Chrystal Dallyn,50,Greece,12,873,0,0,1
3622,Cyndia Chilley,22,Philippines,9,99,0,0,1
9173,Ward Broxap,21,Russia,25,389,1,0,1
898,Frazier Ledward,27,Peru,21,361,0,1,0
8794,Lorettalorna Clandillon,35,China,12,109,1,1,0
1937,Gussy Boman,38,Ukraine,10,674,1,1,1
7917,Sibby Fermor,22,Sweden,25,499,0,1,0
4081,Lorrayne Osmant,21,Philippines,12,32,1,0,0
8341,Dickie Vashchenko,42,Indonesia,18,384,1,1,1
255,Harley Caudelier,67,Poland,20,504,1,1,0
4056,Bevan Meaking,43,Philippines,7,925,1,1,0
829,Wernher Colly,46,Iran,18,677,0,0,0
2539,Bambie Leishman,69,Tonga,16,915,1,0,1
8749,Layney Okenden,33,Chile,8,102,0,0,1
3909,Odell Christofol,68,Bosnia and Herzegovina,12,987,0,0,1
6812,Florina Wagnerin,39,Mexico,22,978,0,1,1
8131,Fredi Hoyland,25,Canada,23,320,1,0,0
5689,Matilde MacGoun,24,Portugal,20,741,0,1,1
9081,Randi Cherm,67,Poland,4,391,1,1,0
7798,Gradey Bielfelt,62,China,3,265,0,0,0
8904,Charin Lawee,51,China,22,816,0,1,0
3720,Levey Ruffy,34,Russia,9,933,0,0,0
2568,Jerry Loughrey,31,Indonesia,6,216,0,1,0
1455,Alikee Jore,57,Philippines,5,55,0,1,0
3148,Fidel Temblett,49,China,9,651,0,0,1
8023,Roseanna Magee,28,China,24,105,0,0,0
9540,Candace Hatliff,28,Malaysia,19,486,0,1,0
5996,Evan Minogue,65,France,12,134,1,0,0
1972,Kirby Ollier,66,Ukraine,23,195,0,0,1
9115,Nonah Crawcour,59,Paraguay,24,780,1,0,1
4524,Eddie Jutson,68,Cuba,17,318,1,0,0
5846,Verna Zorer,34,China,20,891,0,1,1
3972,Ely Gillis,66,Indonesia,21,756,1,1,0
2463,Tymothy Balleine,47,Bosnia and Herzegovina,2,26,1,0,1
6598,Natty Chateau,52,Sweden,13,231,0,0,1
8199,Micah Goldsbury,65,China,12,336,1,0,1
3186,Kenn Pegden,32,Ukraine,13,385,1,0,0
5004,Tani Dobbs,34,China,24,746,1,1,0
5430,Cynthia Ruzic,22,Serbia,5,294,0,0,0
1473,Saunder Thunnercliff,38,China,16,424,0,0,1
5674,Amalia Dornan,69,China,5,433,0,1,0
5990,Obed Latchford,63,Central African Republic,14,813,1,0,0
3408,Gertrudis Scolts,27,France,3,718,1,1,0
7799,Janaya Pakes,50,Brazil,15,177,0,0,0
9879,Dougy Durkin,49,Russia,20,818,1,0,0
3100,Shir Folshom,31,Brazil,16,121,1,1,0
2708,Koenraad Hedde,57,Greece,15,438,1,0,1
9005,Robbie Lockner,43,China,8,134,0,1,0
6701,Merissa Eager,52,Indonesia,19,248,0,0,1
4935,Rozelle Eustis,29,Cyprus,7,774,0,1,1
9197,Billie Di Dello,39,Albania,2,566,0,1,0
6813,Yuri Gibbieson,63,Indonesia,17,458,0,0,1
7572,Craig Bemwell,62,Angola,24,297,0,1,0
1301,Dee Cabbell,38,Afghanistan,18,387,0,0,0
5093,Eugenio Hryncewicz,62,Tunisia,6,146,0,1,1
7899,Abra Hlavac,50,China,17,461,0,0,0
3571,Hayes Hentzer,55,Syria,24,49,1,1,1
3759,Cletis Jurczak,58,China,13,172,0,0,1
4962,Aristotle Karolczyk,60,Colombia,12,805,0,1,1
3531,Raphaela Easton,43,Philippines,13,830,0,0,0
1816,Agna Bowerman,47,Philippines,7,756,1,0,0
1598,Ferd Gude,68,Philippines,20,256,0,0,1
6613,Clywd Marlowe,58,China,24,763,1,1,1
7504,Abel Barosch,20,Ecuador,5,203,1,1,1
7386,Othilia Wilcher,64,Serbia,6,655,1,0,1
7066,Ewell McIlvoray,31,China,15,304,1,0,0
6083,Elbertina Niessen,60,China,11,91,1,1,1
4010,Nancy Springle,70,Russia,18,642,0,0,0
1774,Glenda Scaysbrook,42,Indonesia,10,587,1,1,0
1689,Anneliese Leipold,60,Poland,1,214,0,1,1
9381,Gwyn Cockerton,36,Iran,1,831,0,0,1
3336,Jaclin Dampier,65,China,22,468,1,0,0
7955,Agnola Davenhill,57,Ukraine,16,310,1,1,1
5583,Alexis Lownds,68,Indonesia,25,783,0,0,1
9222,Annabella Flewin,47,China,14,259,0,1,1
7582,Leif Linnock,56,Thailand,2,689,1,0,1
8285,Olympia Outram,68,Peru,18,734,0,1,0
1156,Sax McShirie,47,Sweden,15,377,1,1,0
9794,Harold Thurby,44,Sweden,7,188,1,0,0
2900,Jameson Bettlestone,39,Nigeria,1,415,0,0,1
1073,Roselle Jahns,68,Syria,2,559,0,1,1
3363,Xenia Ullyott,29,Taiwan,14,927,0,1,0
241,Gawen Vodden,21,Philippines,7,909,1,0,1
3685,Melly Birkenshaw,23,Brazil,10,366,0,1,0
8777,Junette Marcombe,30,France,16,438,0,1,0
6445,Ripley Mewhirter,68,China,10,988,0,0,1
5720,Barbie Raunds,67,Brazil,1,255,1,0,1
9654,Ruben Gatman,30,Russia,23,748,1,0,1
239,Halette Bushel,33,Malaysia,17,929,1,1,0
9634,Amos Fury,60,Serbia,15,650,1,1,1
1184,Tilly Gavan,58,South Korea,2,272,1,1,0
5883,Veronike Jotcham,53,Belarus,25,646,1,1,1
9759,Worth Pawlick,52,China,7,324,0,0,1
4599,Rockie Mobberley,48,France,22,536,0,0,1
2041,Jerrie Bladesmith,57,China,2,354,0,0,1
108,Desiree Meader,55,Portugal,6,787,1,1,1
1258,Yankee Vance,31,Pakistan,16,728,1,1,0
3838,Yvor Bennitt,57,Indonesia,8,437,0,1,0
5200,Hartley Maggill'Andreis,47,China,5,745,0,1,1
9871,Shawna Swale,47,Moldova,21,459,1,1,1
2662,Stevena Rubenov,32,Central African Republic,7,4,1,1,1
5673,Idalia Watters,66,Brazil,18,764,1,1,0
4832,Franchot Castellini,27,China,8,146,1,1,1
2577,Zaria Scandrite,55,China,6,509,0,0,1
4728,Angeline O'Hagirtie,62,Philippines,6,349,0,1,1
4365,Clarette MacRanald,50,China,17,443,1,1,1
3579,Charline Peplay,45,Thailand,11,45,1,0,0
4248,Rheba Elstow,36,United States,14,735,0,1,0
9475,Mozes Venton,31,Philippines,23,598,1,0,0
3484,Bathsheba Chapelle,65,Indonesia,9,640,0,0,1
4170,Dania Cattlow,68,Portugal,7,413,0,1,1
1145,Nicolis O' Shea,42,Ireland,23,719,1,1,1
3103,Hobey Bertomier,61,China,23,480,0,0,0
5067,Aubrette McKmurrie,63,Panama,14,192,1,1,1
3015,Estrella Delyth,32,Tajikistan,6,30,1,0,0
2525,Barbi Yates,42,China,20,949,0,0,1
4928,Zorah Devennie,32,Peru,4,472,0,1,1
9315,Paulita Khosa,39,China,9,320,0,1,0
9253,Larina Harverson,52,Ukraine,17,873,1,1,1
1727,Vivianne Lourenco,64,Indonesia,8,400,0,1,0
167,Sabrina Skeel,56,France,14,778,1,1,0
1540,Dwain Brice,41,Haiti,17,682,0,0,1
8963,Miquela Chezier,67,China,12,206,1,1,0
1433,Barnabe Murcutt,65,Tunisia,21,725,1,1,1
2639,Elysha Bodycote,23,China,20,778,1,1,0
922,Harland Grissett,20,Indonesia,20,435,0,1,1
3657,Lynn Huske,42,Philippines,21,722,0,1,1
8442,Elysia Kinsley,59,Ivory Coast,12,75,0,0,0
460,Odelle De Francisci,61,Ireland,19,420,1,1,0
3982,Eden Calver,45,Russia,23,406,1,0,0
3820,Corey Veelers,36,Greece,16,122,1,0,0
1211,Kelli Stubley,35,Russia,24,659,0,0,0
2395,Angil Lighton,54,Indonesia,13,297,0,0,1
5259,Wright Bignal,47,Thailand,11,770,0,1,0
4868,Wadsworth Antunes,49,Indonesia,5,1,1,1,0
9474,Duky Joesbury,22,Sweden,2,886,1,0,1
5050,Sutherlan Margery,69,China,3,636,0,1,1
3215,Keslie Torresi,40,China,13,13,0,0,0
5420,Erinna Titterington,32,China,11,656,0,1,0
3168,Dorisa Oakenfall,21,Brazil,18,237,0,1,1
9910,Anallise Ecclestone,64,Indonesia,9,356,0,0,0
6204,Salvatore Berry,22,Ivory Coast,21,687,0,0,0
7608,Elsey Janiak,68,China,5,366,0,1,0
5141,Fern Elloit,57,Togo,17,315,0,0,1
8983,Mariska Schultheiss,67,Indonesia,5,146,1,0,1
175,Shellie Dornan,31,United States,10,682,1,1,0
8551,Kalie Mooney,69,Peru,17,387,1,0,1
2880,Star Docwra,66,South Africa,13,373,1,1,1
7607,Del Winchcum,20,Colombia,20,43,0,0,1
8446,Ruggiero Rahlof,35,Cuba,9,605,1,1,0
9461,Bendite Nevison,46,Brazil,21,608,0,1,0
6282,Shandy Barroux,27,China,18,28,0,1,1
8307,Ginni Mulles,54,Tunisia,20,209,1,1,0
7468,Quintilla Fairnington,21,Russia,2,921,1,0,1
3740,Honor Longstaff,60,China,4,404,0,0,0
1668,Prince McFaul,31,Portugal,9,723,1,1,0
8999,Fancie Meekings,48,Venezuela,1,999,1,0,1
6124,Ephraim Swindon,47,Argentina,16,383,1,1,1
3038,Saloma Britten,52,Morocco,10,112,1,1,1
8485,Herman Kalaher,48,Russia,21,208,1,0,1
6940,Dorian McFadden,61,Tajikistan,19,767,1,1,1
4896,Tatiania Pedron,36,Mongolia,10,59,1,1,0
8082,Halette Klesel,43,United States,11,996,1,0,0
1148,Tammie Denys,23,Philippines,25,932,1,0,0
6355,Eberhard O'Ruane,21,Indonesia,22,584,1,1,0
4234,Darcee Scurrell,45,Vietnam,22,42,0,1,0
1716,Dolf Mateu,64,Poland,6,338,0,1,1
5043,Wallas Eslemont,28,Czech Republic,4,11,1,0,1
1274,Delcine Pepon,59,China,5,6,0,0,0
5782,Fritz Ormrod,37,Italy,10,398,1,0,0
635,Travers Kabsch,45,Yemen,5,247,0,1,1
6568,Anderson Hallifax,56,China,7,674,1,1,0
6501,Sarita Antoniazzi,60,Ukraine,18,586,0,0,0
5435,Jermaine Azam,25,Thailand,5,147,1,1,1
1565,Mozes Lamminam,55,Ivory Coast,24,5,0,1,1
7020,Crysta Cobbledick,23,Laos,25,74,1,1,1
7262,Lora Megroff,67,United States,2,886,0,1,0
745,Muhammad Mitkov,62,Nigeria,2,552,0,0,0
9954,Fairfax Tylor,68,China,5,645,1,0,0
2964,Bonnie Karpov,41,China,19,784,0,1,0
6363,Moira Danielot,53,Poland,11,974,1,0,0
1165,Tommy Dufoure,25,Cuba,24,187,1,1,1
5897,Nadeen Arnowicz,24,Indonesia,25,559,0,0,1
4397,Elicia Gamon,58,Macedonia,20,147,0,0,1
311,Kelsey Retallick,70,Malaysia,25,424,1,1,0
3050,Ardra Foltin,64,Philippines,8,557,0,0,1
1487,Franciska O'Fihily,45,Indonesia,9,133,0,0,0
7772,Chas Renols,60,Venezuela,1,186,1,0,0
1533,Edgardo Lesly,40,Philippines,5,730,1,1,0
5141,Aimee Bunworth,48,Japan,15,435,1,1,1
3544,Keely Di Biasi,61,China,2,471,0,1,0
1986,Henka Ianniello,38,China,15,47,0,1,0
8763,Elvis Treadgall,41,Palau,19,327,1,0,0
7604,Robina Cardenas,26,China,16,659,0,0,0
9369,Winnie Clemenzo,48,Belarus,16,4,1,1,0
2862,Marris Haysom,52,Indonesia,6,402,1,1,1
2409,Susannah Yurin,32,Tanzania,23,947,0,0,0
4547,Theobald Ingamells,60,United States,6,700,1,1,1
7166,Forester Jane,30,Sweden,19,924,1,1,1
3331,Kristien Chasemore,29,Ireland,19,724,0,0,0
8616,Sheree Sicha,60,Haiti,8,251,0,0,0
5759,Tierney Bollom,69,Indonesia,24,317,1,0,1
6434,Wyn Kyttor,61,Russia,2,758,1,1,1
5591,Pauly Smalcombe,35,China,5,479,0,1,0
9775,Nalani Penelli,23,Vietnam,9,958,1,1,0
8656,Dorelia MacTrustram,70,Philippines,13,44,1,1,1
3678,Berti Pietrasik,67,Tajikistan,10,178,1,0,0
37,Orren Theuff,33,Argentina,9,198,0,1,0
9297,Vance Brimham,67,China,17,541,1,1,1
3972,Myrah Ghioni,58,Japan,12,12,1,1,0
6350,Ivan Whaplington,70,Nicaragua,5,526,0,1,1
6366,Nefen Simka,46,Papua New Guinea,5,17,1,0,1
1943,Shawn Cowpe,54,China,16,176,0,1,1
5225,Stefania Dust,47,Iran,13,801,0,0,1
6893,Moishe Kleinholz,37,China,2,666,0,1,1
4443,Glennis Joubert,27,Moldova,11,80,1,0,0
1122,Frannie Cully,61,Poland,13,824,0,0,1
4225,Myles Lowry,69,Indonesia,2,464,0,1,0
9567,Massimiliano Brasner,44,China,1,481,0,1,1
5086,Sibyl Philpin,46,Bulgaria,1,984,1,1,1
2050,Bibi Courson,24,Ukraine,17,541,1,1,1
5006,Regine Welford,23,Sweden,2,222,0,0,0
8041,Virgilio Kerr,29,Japan,17,441,1,1,1
8289,Ceil Arnopp,32,Peru,15,543,1,0,1
2417,Louisette Shortland,38,Thailand,5,717,1,0,0
7602,Malena Box,61,Cape Verde,18,937,1,1,1
2070,Johnna Pascow,23,China,11,857,1,0,0
4904,Tamarra Badam,51,Russia,2,150,0,1,0
331,Mari Denyagin,27,China,3,459,0,1,0
8225,Sibelle Humblestone,25,Indonesia,20,735,1,1,0
5987,Wilden Haldene,21,China,16,789,1,1,0
8079,Clint Rofe,20,United States,3,756,0,0,1
4727,Raffaello Hailwood,69,China,23,573,0,1,1
5227,Xaviera Gaggen,45,Indonesia,24,419,1,0,0
1050,Terri-jo Mattys,48,Czech Republic,10,361,1,1,1
3060,Kelsey Seifert,39,Sweden,18,320,1,0,1
7882,Sophia Sydall,46,Malaysia,3,884,0,1,1
6683,Sanders Grimsdell,29,Indonesia,4,91,1,0,1
3135,Suzie Jekyll,29,Sweden,7,271,1,1,0
2054,Lea Walhedd,60,United States,8,444,1,1,1
9168,Hallsy Hancox,36,Russia,22,267,0,0,1
2140,Archibald Fontenot,52,France,2,381,0,0,0
1677,Hobart O'Halleghane,60,Czech Republic,22,94,0,1,0
1410,Fraser Valett,48,France,12,251,1,1,1
6688,Brucie Hehnke,37,Russia,13,412,1,1,0
759,Liuka Boswood,44,Guatemala,23,745,1,1,1
9874,Mort Kings,59,Sweden,18,465,1,1,1
9817,Flemming Deegan,38,Brazil,19,795,0,1,0
1417,North Nickerson,43,Colombia,14,215,1,0,1
5468,Marlene Winnett,45,Japan,4,317,0,1,1
1514,Michele Angell,27,China,5,480,0,0,0
3703,Ilka Benck,38,Ukraine,20,71,1,0,1
5122,Salvatore Riddle,25,Portugal,10,280,1,1,1
8548,Malinde Duckinfield,23,Brazil,19,275,1,0,0
2125,Linnell Segoe,31,Russia,8,370,0,1,1
136,Gwenora Hazeman,64,Thailand,19,527,1,1,0
614,Brittney Tipple,58,United States,17,91,0,1,1
9473,Mandy MacEveley,70,United States,25,887,0,1,1
6997,Sterne Helgass,60,Ecuador,22,792,1,0,1
8359,August Bedford,63,Thailand,11,891,0,0,0
8117,Euell Pratt,32,Portugal,23,649,1,1,1
8375,Abner Handrok,37,China,1,148,0,0,0
9257,Faydra Eamer,60,Morocco,7,677,0,0,1
759,Celestia Klimaszewski,50,Thailand,12,750,0,0,0
4594,Kriste Gauntley,43,France,3,127,1,0,1
2156,Rosalia Sandeman,43,France,18,101,0,1,1
1137,Haydon Keane,37,Czech Republic,23,49,0,0,0
9691,Debora Wilsher,25,China,6,276,0,1,0
4641,Meryl Densumbe,21,Philippines,19,984,0,0,1
6217,Jessie Fardy,25,Finland,1,517,1,1,1
2560,Fredia Cheves,28,Philippines,5,538,0,1,1
781,Halsy Wilsone,33,Canada,10,454,0,0,0
7311,Cirstoforo Gethin,25,Cayman Islands,19,366,1,0,0
743,Raviv Blanchette,52,Japan,18,281,1,1,1
8547,Dan Howsden,25,Thailand,5,838,0,1,1
850,Rosco Gabel,30,Indonesia,7,806,0,0,1
4845,Jayson Delgardillo,63,Russia,12,276,1,0,0
8956,Andres Nicklin,53,Brazil,12,647,1,1,0
2972,Flore Kinahan,48,Brazil,1,189,1,1,0
9301,Averill Furneaux,57,Brazil,24,773,1,1,1
9648,Essy Bolstridge,25,China,24,948,0,0,1
3909,Georgianna Rawkesby,36,Russia,2,495,1,1,1
9819,Cora Casillis,59,China,11,478,1,1,1
2159,Viole Broadey,37,Russia,6,916,0,1,0
7274,Vladamir Rowth,58,Indonesia,18,670,0,0,1
419,Nichole Rubinsaft,53,Nicaragua,9,916,1,1,1
7027,Jenelle Hallor,23,Indonesia,9,731,0,1,0
6174,Arvy Degoix,63,Indonesia,9,716,1,0,1
6385,Liza Valsler,50,Indonesia,23,584,0,0,1
6682,Doro Dibson,21,Indonesia,20,601,0,0,1
2625,Rachael Rope,70,China,2,833,0,1,1
8806,Elfrida Dekeyser,35,France,7,936,0,1,1
6664,Pepe Gadault,24,Greece,14,76,0,0,0
461,Rhett Szymanowski,58,Portugal,4,389,1,1,1
2233,Madella Rickcord,64,Pakistan,22,633,0,1,1
55,Isak Johananoff,69,Indonesia,13,468,1,0,1
8262,Judi Agglio,49,Ukraine,17,881,1,0,0
6068,Boigie Amiranda,47,Poland,6,187,1,0,1
3686,Nata Bourbon,52,Indonesia,23,749,0,1,0
470,Talbert Stobbes,40,Sweden,9,97,1,0,0
3486,Cherry Slide,22,Indonesia,1,350,0,1,1
575,Geneva Parren,32,Croatia,24,665,0,1,0
7388,Mitchell Dachs,42,Indonesia,17,602,1,0,1
8638,Jasun Loker,23,Indonesia,21,870,0,1,0
9731,Torrance Collcutt,23,China,12,30,1,0,1
2024,Merrill McManamen,27,Brazil,25,614,1,1,1
7031,Kendra Issacoff,55,Indonesia,21,170,0,1,1
3804,Brantley Kondratovich,66,Brazil,12,384,0,0,1
4500,Gloriane Ambrosi,23,China,22,993,0,1,0
2056,Dominic Greenslade,41,China,18,19,1,1,0
6934,Lilia Pringle,39,Brazil,24,410,1,0,1
7232,Ibrahim McErlaine,43,Ukraine,20,572,1,0,1
5796,Jeffrey Heinert,41,Yemen,16,331,1,0,0
8832,Troy Godmar,48,Ukraine,24,940,0,1,1
2968,Romola Harnwell,32,Netherlands,17,859,1,1,1
5482,Rosabel Sponton,26,Czech Republic,16,714,1,1,0
7362,Rania Starbuck,52,Mauritius,7,590,0,0,0
7260,Roderick Sheriff,31,Nigeria,7,600,1,0,1
1422,De witt MacCorkell,63,Ivory Coast,3,409,0,0,0
7515,Freeland Westpfel,50,Thailand,10,632,1,0,0
2816,Kathrine Limbourne,32,France,10,620,1,1,1
7398,Lenora Axtens,42,China,16,765,1,1,0
8967,Aloysius Nanninini,31,Croatia,12,790,0,0,0
4416,Aili Wegman,51,El Salvador,20,949,0,0,0
3171,Keith Tremblet,33,Sweden,25,282,0,1,0
5558,Shanda Foldes,24,United States,14,322,0,0,1
2021,Sigfried Bamford,63,Ukraine,21,73,0,1,0
4437,Orv Briggs,50,Albania,10,386,1,0,1
1021,Mallissa Jessel,22,Poland,13,302,0,1,0
774,Pamella Ridsdale,36,China,11,177,0,0,0
3566,Audrey Baggott,64,Egypt,17,412,1,0,1
829,Isa Chaloner,25,Indonesia,4,360,1,1,1
4551,Cornall Sorel,32,France,9,365,1,1,1
6392,Fredra Hasnney,21,United States,16,612,0,0,1
6789,Verge Reddings,24,Indonesia,5,211,1,1,1
6255,Modesta Cadlock,38,Mali,12,912,0,1,0
5625,Benoite Ciraldo,37,Afghanistan,1,987,1,0,0
4320,Pippo Brimner,59,Macedonia,3,862,0,0,0
3206,Thatcher Lamplough,30,China,12,243,0,1,0
626,Justina Brisse,59,Brazil,14,613,1,1,1
4814,Angelia Cherry,46,Greece,25,985,0,1,1
4077,Casper Dun,65,China,4,866,1,0,0
8329,Sarine Ivimy,64,Bosnia and Herzegovina,18,649,0,0,0
4705,Early Urwin,34,Ukraine,18,270,1,0,0
182,Brew Greenhalf,52,France,21,500,0,1,0
8847,Nestor De Beauchemp,38,China,20,169,1,0,1
6210,Arny Hintze,46,United States,10,209,0,1,1
633,Kristyn Gavan,58,China,2,30,0,1,0
4515,Oliviero McComiskey,49,Taiwan,11,356,0,1,1
916,Brendis Dance,38,Russia,9,663,0,1,0
6674,Rodrick Spreckley,55,France,25,258,1,1,1
4230,Korney McLernon,34,Poland,23,923,0,1,0
2843,Claudian Fesby,60,Russia,12,857,0,1,1
6689,Benedetta Iacomini,21,Indonesia,5,735,1,1,0
4418,Drake Milthorpe,42,Portugal,15,208,0,0,1
206,Dannye Patington,51,Albania,11,610,0,0,0
4368,Darrelle Braban,57,Indonesia,23,913,0,1,1
4279,Wilma Kohter,26,Vietnam,10,204,0,0,1
7221,Aubree Christofor,56,Argentina,10,797,1,0,1
3765,Anne Chawkley,30,Serbia,12,639,1,1,1
6349,Braden Burth,25,Brazil,2,899,1,1,1
4392,Brocky Gentric,59,Comoros,25,715,1,1,1
5969,Sib Gooderham,30,Brazil,8,648,0,0,1
5038,Lila Eke,35,United Kingdom,16,408,0,0,1
3666,Jacklyn Molohan,42,Panama,2,696,1,1,0
6342,Marys Grinval,31,Indonesia,4,851,0,0,1
7656,Bruce Tolley,39,Taiwan,16,49,0,1,1
6514,Tuesday MacLeese,43,Russia,9,913,1,0,0
9828,Cassandra Fellos,57,Yemen,19,521,0,1,1
3211,Noland Bahia,40,Peru,1,649,0,0,1
430,Norene Manhare,69,Israel,5,284,0,0,1
7676,Angelica Basso,40,Argentina,8,615,0,1,0
383,Ky McClurg,26,Serbia,2,383,1,1,1
4481,Sheridan Comiskey,50,China,2,237,1,1,1
9105,Aprilette Verne,64,Cuba,1,684,0,1,1
8953,Catlee Brideaux,56,Indonesia,23,927,0,0,1
6439,Debbie Kittley,41,Honduras,13,359,0,1,0
3183,Cloe Bole,27,Mexico,3,477,1,1,1
3753,Kerstin Campanelle,39,China,3,661,0,1,0
7010,Bartlet Landsborough,38,Indonesia,8,296,1,0,0
124,Kim Conry,37,Portugal,19,178,0,1,0
5836,Ariel Kringe,33,Philippines,6,502,1,1,1
6744,Kaylyn Tryme,20,China,19,119,0,0,1
8609,Neddie Tumielli,57,Honduras,16,649,0,0,0
1504,Graig Koch,42,Mexico,25,508,0,0,1
8429,Olive Trevenu,31,Nepal,8,441,0,0,1
5908,Livvy Atwell,47,El Salvador,5,400,1,0,0
2276,Pacorro Bernardotti,46,Peru,20,976,1,1,1
1585,Saudra Gaytor,44,Philippines,4,893,1,1,1
9050,Charlot Girod,30,Finland,3,464,1,1,1
5165,Alphonse Derrington,34,China,2,473,0,1,0
